Name,Description,,
Maxi Ludovico,Teacher,,
Nicoline Beardon,Developer IV,,
Harland Butterick,Web Developer IV,,
Rozella Chisholme,Programmer Analyst II,,
Courtney Palfreeman,Associate Professor,,
Drucie Raubenheim,Sales Representative,,
Niles Beese,Research Nurse,,
Leah Robertelli,Accountant I,,
Janie Cracoe,Executive Secretary,,
Amalea Mattheissen,Executive Secretary,,
Taryn Mattiussi,Administrative Assistant IV,,
Bobbie Sketh,Recruiter,,
Quent Regitz,Director of Sales,,
Melita Teodorski,Physical Therapy Assistant,,
Jaquenette McMorran,Environmental Tech,,
Lion Stillman,Actuary,,
Moria Greig,Editor,,
Natalya Santos,Junior Executive,,
Vanessa Arnolds,Executive Secretary,,
Laina Bilham,Professor,,
Candice Nappin,Administrative Assistant IV,,
Olga Losano,Quality Control Specialist,,
Sly O'Cullinane,Paralegal,,
Carry Bealing,Computer Systems Analyst IV,,
Felicle Kopelman,Associate Professor,,
Clayborn Andrivel,Recruiter,,
Latia O'Shee,Actuary,,
Kimble Kenelin,Product Engineer,,
Ramon Blenkiron,Physical Therapy Assistant,,
Maynord Boyda,Administrative Officer,,
Marchelle Thorlby,Web Developer IV,,
Tabbi Pankhurst.,Teacher,,
Kaja Bolger,Programmer III,,
Julianne Sarath,Teacher,,
Wilma Binford,VP Accounting,,
Sophronia Cottrell,Senior Cost Accountant,,
Nicolas Farquarson,Human Resources Manager,,
Clovis Cogar,Graphic Designer,,
Saxe Bunney,Staff Scientist,,
Howard Farr,Food Chemist,,
Lynnea Pennoni,Cost Accountant,,
Penny Charker,Assistant Manager,,
Piggy Meyrick,Marketing Assistant,,
Natty Conisbee,Technical Writer,,
Consuelo Speight,Computer Systems Analyst IV,,
Riccardo Bampkin,Mechanical Systems Engineer,,
Kayla Brydie,Assistant Manager,,
Vernon Henningham,Health Coach III,,
Tillie Troutbeck,Account Representative IV,,
Minor Bakesef,Data Coordiator,,
Hanny Jackman,Administrative Assistant I,,
Alonzo Herety,Marketing Manager,,
Orly Tyas,Programmer Analyst II,,
Yuri Barsam,Assistant Manager,,
Darlleen Lukovic,Paralegal,,
Zitella Birchill,Physical Therapy Assistant,,
Krishna Francklin,Geologist II,,
Ethelin Pilch,Staff Accountant I,,
Candie Hawkett,Account Representative II,,
Val Thoday,Engineer II,,
Adora Giacomo,Business Systems Development Analyst,,
Joyann Killiam,Research Assistant III,,
Allie Macallam,Marketing Manager,,
Monika Sentance,Occupational Therapist,,
Penny Craddy,Professor,,
Riley Moxham,Systems Administrator IV,,
Shay Scrancher,Accounting Assistant II,,
Emmerich Ubsdale,Electrical Engineer,,
Margaretta Ballston,VP Accounting,,
Antonius Franzel,Payment Adjustment Coordinator,,
Fancie MacCafferty,Community Outreach Specialist,,
Con Krienke,VP Marketing,,
Dill Martino,Graphic Designer,,
Monique Timms,Human Resources Assistant III,,
Alric Rosiello,Food Chemist,,
Lemuel Kingwell,Chief Design Engineer,,
Ethelyn Ganforthe,Marketing Manager,,
Reinald Swindon,Analog Circuit Design manager,,
Silvano Karleman,Technical Writer,,
Arthur Ions,Pharmacist,,
Valene March,Help Desk Operator,,
Maddie Shimony,Nurse Practicioner,,
Desiri Payfoot,Senior Quality Engineer,,
Henrietta Greim,Structural Analysis Engineer,,
Elenore Gladtbach,Developer II,,
Marrissa Bradie,Mechanical Systems Engineer,,
Merilee Wale,Developer II,,
Kelley Stembridge,VP Quality Control,,
Manda Pflieger,Associate Professor,,
Daisi Godding,Administrative Assistant III,,
Lorri Dewdney,VP Product Management,,
Christie Quantrill,General Manager,,
Margalo Donaher,Analyst Programmer,,
Gasper Fidelli,Dental Hygienist,,
Sawyere Jellings,Staff Accountant IV,,
Elianora Prewer,VP Sales,,
Alva Lampen,Software Test Engineer III,,
Katharine Cannan,Nurse,,
Terri Wandless,Executive Secretary,,
Shelbi Walstow,Environmental Specialist,,
Lorrie Leipelt,Analyst Programmer,,
Sibylle Keneleyside,Registered Nurse,,
Courtney Balden,Community Outreach Specialist,,
Natal Thorius,Environmental Specialist,,
Gardner Pavic,Senior Editor,,
Remy Gallahar,Executive Secretary,,
Bartlett Gethen,Health Coach II,,
Dag Avrashin,Social Worker,,
Carolan Mussilli,General Manager,,
Heida Schruyers,Analog Circuit Design manager,,
Teodor Tracey,Senior Financial Analyst,,
Mitzi Dourin,Desktop Support Technician,,
Beverie Clay,Account Coordinator,,
Briney Thickpenny,Senior Editor,,
Andros Thumnel,Web Developer III,,
Benjamin Langthorn,Sales Representative,,
Nikaniki Braam,VP Accounting,,
Pierrette Hemeret,Human Resources Assistant III,,
Rodina Triggol,Speech Pathologist,,
Orton Hurd,Structural Analysis Engineer,,
Elisha Rosell,Assistant Media Planner,,
Jon McGrail,Research Nurse,,
Ingrim Hamly,Analog Circuit Design manager,,
Bevon Chittem,Mechanical Systems Engineer,,
Fidelia Faulder,Database Administrator IV,,
Corbie Poe,Quality Engineer,,
Rustie Hunston,Compensation Analyst,,
Martie Dukelow,Senior Cost Accountant,,
Mohammed Simmig,Recruiter,,
Ber Wylder,Human Resources Assistant II,,
Nikolia Jakaway,Environmental Specialist,,
Rosita Sargerson,Engineer I,,
Verene Mully,Recruiting Manager,,
Giordano McGinney,Programmer II,,
Gladys Demko,Mechanical Systems Engineer,,
Mitch Slides,Food Chemist,,
Car Planke,Research Assistant IV,,
Sauveur Luna,Senior Sales Associate,,
Ly McDaid,Nurse Practicioner,,
Davide Buchett,Human Resources Assistant I,,
Sheila Jeanequin,Occupational Therapist,,
Codi Kilsby,Health Coach III,,
Corbet Chapell,Senior Developer,,
Chrissie Tofanelli,Design Engineer,,
Petronilla Egdell,Software Test Engineer II,,
Dulcinea Kroch,Senior Financial Analyst,,
Shelba Ladson,Information Systems Manager,,
Coriss Jado,Product Engineer,,
Micky Whitney,Registered Nurse,,
Matty Bowbrick,Office Assistant IV,,
Lorianne Heber,Software Consultant,,
Jazmin Menezes,Programmer III,,
Krishna Sabben,Help Desk Operator,,
Frankie Cordey,Automation Specialist IV,,
Vernen Folshom,Clinical Specialist,,
Maurene Foulis,Physical Therapy Assistant,,
Jacqueline Brendel,Professor,,
Olwen Sievewright,Research Nurse,,
Wandis Smalles,Web Developer II,,
Alexa Senior,Chemical Engineer,,
Addy Blenkin,Business Systems Development Analyst,,
Nita Preedy,Assistant Manager,,
Reggy Alstead,Pharmacist,,
Kary Sikorski,Software Engineer IV,,
Efren Kubat,Teacher,,
Serena Youel,Analog Circuit Design manager,,
Dorothee Caunce,Mechanical Systems Engineer,,
Renado Mill,Tax Accountant,,
Wilma Antonomolii,Speech Pathologist,,
Peta Oglevie,Mechanical Systems Engineer,,
Zacharie Volk,Product Engineer,,
Dex Meeks,Assistant Manager,,
Gun Wollacott,Office Assistant III,,
Luis Dilloway,Data Coordiator,,
Venus Swann,Financial Analyst,,
Sanford Christensen,Analyst Programmer,,
Marcie Munkley,Paralegal,,
Darsie Teers,Civil Engineer,,
Kimble Haslin,Accountant I,,
Colet O'Nions,Design Engineer,,
Nonah Shapcott,Environmental Specialist,,
Trever Jaques,Desktop Support Technician,,
Ryan Brandes,Environmental Tech,,
Enrica Dilliway,Pharmacist,,
Scotti Chezier,Web Developer II,,
Papageno Gaitone,Senior Editor,,
Sofia Liver,Senior Cost Accountant,,
Reyna Angelini,Speech Pathologist,,
Jessamine Borit,Editor,,
Fania Hastelow,Programmer Analyst I,,
Callida Oddey,Senior Sales Associate,,
Prent Ree,Accounting Assistant III,,
Christoper Defries,Social Worker,,
Moss Di Carlo,Professor,,
Ginelle Marney,Administrative Officer,,
Linea Edgson,GIS Technical Architect,,
Ardenia Yerrall,Desktop Support Technician,,
Melina Heckner,Recruiting Manager,,
Donaugh Regorz,Quality Control Specialist,,
Remington Janout,Information Systems Manager,,
Gerrie Patten,Statistician III,,
Ranique Patient,Biostatistician IV,,
Beatriz Renac,Analyst Programmer,,
Jenn Colt,Associate Professor,,
Berkly Grouse,Developer III,,
Curry Barbary,Pharmacist,,
Rosette Gerry,Financial Analyst,,
Terra Murton,Graphic Designer,,
Bibby Illem,Editor,,
Alric Girling,Nuclear Power Engineer,,
Rorke Shoute,Operator,,
Domini Ackeroyd,Assistant Media Planner,,
Heidi Risdall,Operator,,
Aveline Vase,Accountant IV,,
Ferne Spurritt,Editor,,
Hartley Grafom,Community Outreach Specialist,,
Vernen Klemensiewicz,VP Quality Control,,
Cal Vignaux,Marketing Manager,,
Shela Yackiminie,Operator,,
Luz Cowdray,Account Coordinator,,
Romeo Paolicchi,VP Sales,,
Juli Sapson,Research Assistant III,,
Teddy Coggin,Business Systems Development Analyst,,
Kaspar Grayshan,General Manager,,
Tildie Keilty,Physical Therapy Assistant,,
Hastings Fanthom,Geologist IV,,
Gabriela Rawdall,Help Desk Operator,,
Lila Hallewell,Administrative Assistant I,,
Maisie Drewe,Geological Engineer,,
Lilas D'Errico,Help Desk Technician,,
Yetta Floyd,Software Test Engineer II,,
Amby Bartolomeoni,Recruiter,,
Elysia Pechet,Account Representative II,,
Gaston Jerrams,Cost Accountant,,
Warner Tempest,Civil Engineer,,
Adriane Slaght,Marketing Manager,,
Adelice Neaverson,Senior Editor,,
Beltran Tatham,Software Test Engineer IV,,
Vasily Goody,Associate Professor,,
Quincey Morrant,Marketing Assistant,,
Ashby Claasen,Social Worker,,
Mala Blakeley,Business Systems Development Analyst,,
Sophi Kroin,General Manager,,
Hatti Craiker,Registered Nurse,,
Ulrich Gainsburgh,Senior Sales Associate,,
Abram Plum,Actuary,,
Alex Grew,Geological Engineer,,
Hammad White,Community Outreach Specialist,,
Job Kirmond,Quality Engineer,,
Adrian Vasse,Food Chemist,,
Kasper Ashman,Clinical Specialist,,
Dix Croan,Staff Accountant I,,
Pepito Duignan,Design Engineer,,
Sheridan Thombleson,Social Worker,,
Farra Hollow,Financial Analyst,,
Carleen Instone,Information Systems Manager,,
Alexi Bowshire,Compensation Analyst,,
Christean Cometto,Assistant Media Planner,,
Elvyn Wetter,Business Systems Development Analyst,,
Katherine Nehlsen,Associate Professor,,
Melba Crisell,Information Systems Manager,,
Persis Devas,VP Sales,,
Waylen Vaan,Human Resources Assistant III,,
Marje Corre,Quality Engineer,,
Elwood Goodwyn,Civil Engineer,,
Davie Riddock,Payment Adjustment Coordinator,,
Dwight Gummie,Web Designer I,,
Margalo Peedell,Data Coordiator,,
Waverley Hadwin,Engineer I,,
Margarita Jarrold,Budget/Accounting Analyst II,,
Melicent Cocklin,Editor,,
Carry Meegan,Chemical Engineer,,
Ewan O'Doghesty,Nuclear Power Engineer,,
Hatti Cyseley,Chemical Engineer,,
Wat Gullick,Research Assistant IV,,
Derward Norgate,Electrical Engineer,,
Deonne Glacken,Nuclear Power Engineer,,
Kerri Pennicard,VP Accounting,,
Collette Jamot,Health Coach II,,
Sax Di Giacomo,Accountant IV,,
Chelsie Aldiss,Design Engineer,,
Gabey Oger,Senior Financial Analyst,,
Nicola Loade,Legal Assistant,,
Raye Margerrison,Compensation Analyst,,
Riannon Fobidge,Editor,,
Pablo Vail,Senior Quality Engineer,,
Robbert Havers,Operator,,
Kirbee France,Cost Accountant,,
Merv Tremontana,Senior Sales Associate,,
Gherardo Surmeyer,VP Accounting,,
Angeli Fryd,Biostatistician II,,
Myrtle Ramlot,Statistician III,,
Forester Bye,Pharmacist,,
Roberta Chidler,Environmental Specialist,,
Channa Joron,Human Resources Assistant II,,
Spike Skalls,Systems Administrator II,,
Kesley Lafranconi,Design Engineer,,
Nicol Belfrage,Systems Administrator III,,
Winonah Hegg,Pharmacist,,
Emmalee Wolvey,General Manager,,
Verne Huertas,VP Product Management,,
Emmy Baldini,Assistant Professor,,
Franni Blenkensop,Administrative Officer,,
Tyrone Kitchingman,Junior Executive,,
Susanna Ivons,Food Chemist,,
Lesli Garms,Associate Professor,,
Chucho Coulman,Statistician III,,
Arnold Parkey,Programmer III,,
Carree Carver,Sales Representative,,
Peder Chasney,Media Manager III,,
Petunia MacAndie,Sales Associate,,
Laverna Kinkade,Human Resources Manager,,
Rodrigo Proughten,Financial Analyst,,
Miriam Meredith,Project Manager,,
Pail Micco,Senior Financial Analyst,,
Thomasina Corton,Internal Auditor,,
Bethina Pickthorn,Software Engineer IV,,
Zachery Brighty,Automation Specialist II,,
Kendell Berkowitz,Community Outreach Specialist,,
Fitz Bentson,General Manager,,
Hamish Labbati,Paralegal,,
Oneida Don,Community Outreach Specialist,,
Charlena Busain,Help Desk Technician,,
Mendy Van den Hof,Research Associate,,
Dallis Amsden,Developer III,,
Boothe Lappin,Web Developer II,,
Braden Calway,Dental Hygienist,,
Dukey Armistead,Senior Quality Engineer,,
Vassili Donwell,Geological Engineer,,
Stephana Taaffe,Community Outreach Specialist,,
Leodora Tear,Accountant III,,
Celine Prangle,Accountant II,,
Eyde Scotting,Dental Hygienist,,
Julian Ahmed,Tax Accountant,,
Michelina MacAlpine,Research Associate,,
Mallissa Vear,Statistician III,,
Kassia Hamilton,Cost Accountant,,
Skelly Stracey,Research Assistant I,,
Annamaria Rizzelli,VP Quality Control,,
Brandea Pfaff,Graphic Designer,,
Killie Mea,VP Product Management,,
Say Capstack,Technical Writer,,
Marnie Linnell,Automation Specialist II,,
Erma Earle,Administrative Officer,,
Merry Poppleton,Structural Engineer,,
Vivianna Burford,Operator,,
Marjory Ceeley,Payment Adjustment Coordinator,,
George Bartel,Health Coach IV,,
Felicia Maddams,Computer Systems Analyst III,,
Kerk McFayden,Database Administrator III,,
Kelcie Bloxsome,Marketing Assistant,,
Conrad Corsham,Database Administrator II,,
Patrizio Band,Recruiter,,
Temp Braunle,Product Engineer,,
Ancell Oughtright,Clinical Specialist,,
Aggie De Minico,Assistant Manager,,
Adlai Buttle,Computer Systems Analyst III,,
Henrie Klimmek,Administrative Officer,,
Zorina Lowdes,Help Desk Operator,,
Woodman Lasselle,Software Consultant,,
Garald Gallie,Chemical Engineer,,
Cati Sallowaye,Engineer IV,,
Johna Keenlyside,Executive Secretary,,
Waylin Kernoghan,Senior Quality Engineer,,
Erma Orridge,Research Nurse,,
Andriette MacRitchie,Statistician II,,
Stephenie Avis,Senior Editor,,
Ludovico Tremouille,Marketing Assistant,,
Etan Girkin,Recruiting Manager,,
Milly Coogan,Sales Associate,,
Letty Mapplebeck,Registered Nurse,,
Alfie Sarsfield,Administrative Assistant I,,
Jerrome Robilliard,General Manager,,
Maury Sommerton,Clinical Specialist,,
Betta O'Sheils,Software Engineer III,,
Kaylil Stoves,Assistant Media Planner,,
Bent Saurat,Nuclear Power Engineer,,
Joyann Kynett,Senior Sales Associate,,
Skylar Fairbanks,Senior Financial Analyst,,
Nerta Welldrake,Community Outreach Specialist,,
Pru Pigott,Teacher,,
Kelsi Getty,Clinical Specialist,,
Cleo Woehler,Pharmacist,,
Wiley Josselsohn,Research Nurse,,
Junette Fausch,Software Engineer III,,
Consolata Dufour,Editor,,
Franzen Beswetherick,Engineer II,,
Wrennie Marnes,Programmer IV,,
Rochester Kop,Human Resources Assistant III,,
Julius Milam,Actuary,,
Amye Corness,Physical Therapy Assistant,,
Harmon Kneeland,Cost Accountant,,
Gilberto Dwerryhouse,Nurse Practicioner,,
Byram Buterton,Executive Secretary,,
Barbara-anne Eaves,Senior Sales Associate,,
Davina Howlings,Senior Sales Associate,,
Kassie Wingham,Account Coordinator,,
Henriette Joisce,Help Desk Technician,,
Wenonah Prosek,Dental Hygienist,,
Rodolfo Charlesworth,Design Engineer,,
Calley Klimczak,Actuary,,
Wilbur Givens,Database Administrator II,,
Orland Vannet,Product Engineer,,
Yvor Trynor,Speech Pathologist,,
Maryellen Danskine,Senior Financial Analyst,,
Mirabella Christmas,Project Manager,,
Cullie Curee,Legal Assistant,,
Giustino Lay,Legal Assistant,,
Ivett Farady,Recruiting Manager,,
Benjamen Calverley,Professor,,
Elenore Fowls,Marketing Manager,,
Carree Adame,Executive Secretary,,
Lavena Delacourt,Clinical Specialist,,
Donal Gouge,Librarian,,
Fionna Kubek,Administrative Assistant IV,,
Corrine Filinkov,Clinical Specialist,,
Eleonore Trittam,Account Representative II,,
Donavon Bezzant,Staff Accountant II,,
Happy Allston,Assistant Professor,,
Thorin Garrud,VP Product Management,,
Alair Butchart,Speech Pathologist,,
Imojean Bubear,VP Accounting,,
Isidor Ripping,Director of Sales,,
Louisa Selburn,Occupational Therapist,,
Yasmeen Jephcote,Senior Financial Analyst,,
Melisent Handley,Senior Financial Analyst,,
Ailey Henrys,Business Systems Development Analyst,,
Domenico Courcey,Analyst Programmer,,
Tobye Duffill,Web Developer II,,
Dot Youll,Administrative Officer,,
Frederick Cosley,Media Manager II,,
Rowen Aizik,Assistant Manager,,
Evaleen Bartoszewski,Senior Financial Analyst,,
Marabel Tchir,Sales Associate,,
Larisa Washtell,Structural Analysis Engineer,,
Leora Perigo,Food Chemist,,
Jere Magauran,Payment Adjustment Coordinator,,
Jewell Lindroos,VP Quality Control,,
Lin Hillen,Assistant Manager,,
Jesse Collens,Desktop Support Technician,,
Marcie Roget,Research Associate,,
Kaitlynn Attril,Financial Advisor,,
Jacklyn Gwyn,Developer I,,
Cordie Pippard,Business Systems Development Analyst,,
Anallese Barbera,Staff Accountant IV,,
Xavier Laborda,Account Representative III,,
Luther Hindhaugh,Office Assistant I,,
Lazarus McQueen,Payment Adjustment Coordinator,,
Leora Harston,Occupational Therapist,,
Fey Daffey,Actuary,,
Nathalie Aulsford,Programmer II,,
Karola Marczyk,Staff Scientist,,
Roma Bryden,Accounting Assistant I,,
Abbot Witherup,Nuclear Power Engineer,,
Florri Wabe,Financial Advisor,,
Friederike Kinlock,Senior Sales Associate,,
Clarissa Kelley,Senior Developer,,
Tatiania Plascott,Registered Nurse,,
Isador Look,Speech Pathologist,,
Elwin Astley,Technical Writer,,
Ermentrude Zambonini,Software Engineer III,,
Robenia Kenvin,Information Systems Manager,,
Winfield Ambroise,Human Resources Assistant IV,,
Tannie Pittem,Accounting Assistant I,,
Ericka Sigart,VP Marketing,,
Aurthur Halden,Chief Design Engineer,,
Tristam Risbridge,Software Consultant,,
Carline Joice,Tax Accountant,,
Huntlee Paddemore,Assistant Media Planner,,
Mina Everton,Account Executive,,
Gus Blankau,Design Engineer,,
Ricki Vasyutkin,Paralegal,,
Brooks McClinton,Pharmacist,,
Zak Defrain,Account Executive,,
Nicky Whitsey,Nurse Practicioner,,
Myrilla Borrowman,Senior Developer,,
Guillemette Southcott,Research Nurse,,
Dianne Pavkovic,Recruiter,,
Allayne McMonies,Marketing Manager,,
Noell Kalinovich,Account Coordinator,,
Dael Diament,Civil Engineer,,
Jaclin Schultheiss,Environmental Specialist,,
Che Wisdish,Senior Financial Analyst,,
Rickie Richardes,Account Coordinator,,
Bonnee Downage,Database Administrator IV,,
Norris Creber,Statistician III,,
Maisie Dumbarton,VP Accounting,,
Ezechiel Cahalan,Staff Accountant IV,,
Elena Coghlin,Software Test Engineer IV,,
Holly Isherwood,Programmer Analyst II,,
Evvy Gatman,Accountant II,,
Alta Gladdolph,Administrative Assistant III,,
Hildagarde Moorrud,Biostatistician IV,,
Gardener Minchi,Occupational Therapist,,
Arnie Dalgleish,Assistant Manager,,
Dottie Yes,Software Consultant,,
Connie Bunton,VP Product Management,,
Saidee Challiner,Engineer II,,
Garald Wellfare,Compensation Analyst,,
Netti Druett,Paralegal,,
Haroun Avramchik,Environmental Tech,,
Hanni Pimblotte,Structural Engineer,,
Cinnamon Cattlemull,Pharmacist,,
Emmaline Purselowe,Geological Engineer,,
William Sarll,GIS Technical Architect,,
Thelma Bresnahan,Clinical Specialist,,
Sandye Seddon,Tax Accountant,,
Domini Coultass,Speech Pathologist,,
Amye Santacrole,Marketing Manager,,
Michale Plaskitt,Geologist II,,
Nananne Greaterex,GIS Technical Architect,,
Ame Eltone,Human Resources Manager,,
Brigg Edlestone,Biostatistician IV,,
Charla Swyer-Sexey,Research Associate,,
Candis Pynner,Automation Specialist III,,
Tabbatha Hull,Senior Developer,,
Cori Candy,Account Representative I,,
Susann Bettis,VP Accounting,,
Mada Jowitt,Cost Accountant,,
Vittoria Lawles,Cost Accountant,,
Tildy Rackham,Research Associate,,
Stavros Theurer,VP Marketing,,
Devy Bushrod,Cost Accountant,,
Bronson Whyteman,Web Designer II,,
Ken Lofty,Environmental Specialist,,
Clerc Hadwin,Director of Sales,,
Gussie Aland,Senior Quality Engineer,,
Bev Doberer,Senior Financial Analyst,,
Micheline Schuler,Staff Accountant I,,
Bartolomeo Holton,GIS Technical Architect,,
Cassie Bolland,Accountant III,,
Ursulina Scurrer,Research Associate,,
Kaine Diben,Sales Associate,,
Gayler Riedel,Chemical Engineer,,
Joellen Mettericke,GIS Technical Architect,,
Gwenni Champerlen,Safety Technician III,,
Feliks Doggett,Teacher,,
Phillie Fearnyough,Design Engineer,,
Tilly Humphrys,Senior Financial Analyst,,
Carlee Dizlie,Data Coordiator,,
Star Liebermann,Compensation Analyst,,
Kaitlyn Dullard,Account Coordinator,,
Ignaz Tezure,Graphic Designer,,
Ferdinand Lomas,Research Nurse,,
Barton Stute,VP Sales,,
Robin Bettis,Administrative Assistant III,,
Christy Baus,Software Engineer III,,
Waylin MacRitchie,Geologist IV,,
Morgen Dufty,Registered Nurse,,
Idaline Asser,Analog Circuit Design manager,,
Hussein Desson,Paralegal,,
Rory Fyfe,Research Nurse,,
Wylie Franzel,Account Coordinator,,
Juli Jeacop,Help Desk Technician,,
Jacinthe Bartlett,Nurse Practicioner,,
Kim Clemencet,Software Test Engineer I,,
Timmy Peealess,Librarian,,
Richmond Infantino,Electrical Engineer,,
Anetta Merwede,Cost Accountant,,
Sharlene Helkin,VP Marketing,,
Karilynn Cranmor,Chief Design Engineer,,
Zuzana O'Cleary,Senior Quality Engineer,,
Federico Lafayette,Graphic Designer,,
Red Holwell,Systems Administrator IV,,
Ebenezer Ingon,VP Sales,,
Avrit Trusse,General Manager,,
Wood Matz,Chief Design Engineer,,
Rebeca McDaid,Desktop Support Technician,,
Catharine Juszczak,Physical Therapy Assistant,,
Ellwood Lebourn,Food Chemist,,
Verney Reace,Professor,,
Hugues Plaskett,VP Quality Control,,
Yorke Hampson,Assistant Professor,,
Tammi Gilmore,Safety Technician II,,
Dian Fairweather,Geological Engineer,,
Damiano Grishin,Teacher,,
Rosanne Fernando,Cost Accountant,,
Marti McPhee,Biostatistician II,,
Layney Nund,Marketing Assistant,,
Maris Squibbes,Safety Technician III,,
Rudiger Spire,Budget/Accounting Analyst III,,
Silvain Grim,Civil Engineer,,
Ernst Tuckley,Food Chemist,,
Germaine Spink,Research Nurse,,
Giovanni BURWIN,Programmer IV,,
Nevsa Mc Ilwrick,Editor,,
Patrizio Mechem,Nurse,,
Correna Shone,Executive Secretary,,
Flss Hallyburton,Business Systems Development Analyst,,
Drew Hucke,Senior Quality Engineer,,
Hedvig Melin,VP Quality Control,,
Hermie Russan,Account Representative III,,
Van Ridolfi,Computer Systems Analyst II,,
Rycca Dougliss,Teacher,,
Nealy Urvoy,Chief Design Engineer,,
Randee Ringrose,Junior Executive,,
Latashia O'Henehan,Assistant Media Planner,,
Kareem Fernyhough,Occupational Therapist,,
Mattheus Escoffrey,Software Test Engineer III,,
Delora Muggach,Sales Representative,,
Danice Cawsy,Chief Design Engineer,,
Pooh Bidewell,Tax Accountant,,
Amii Snoden,Human Resources Manager,,
Rodrick Heinish,Account Coordinator,,
Dunstan Eberdt,Dental Hygienist,,
Georgine Perrett,Developer I,,
Ginevra Troyes,Product Engineer,,
Valida Tapscott,Human Resources Manager,,
Bab Butterfill,Staff Accountant I,,
Emmalynn Tite,Human Resources Manager,,
Wenonah Skerritt,Cost Accountant,,
Hamlen Glendza,Automation Specialist IV,,
Aila Theze,Analog Circuit Design manager,,
Manya Gwalter,Junior Executive,,
Dud Wanley,Developer II,,
Corena Clipston,Teacher,,
Dari Klassmann,GIS Technical Architect,,
Dimitry Blackey,Internal Auditor,,
Regan Chaffin,Librarian,,
Faunie Aleksidze,Community Outreach Specialist,,
Leelah Norsister,Geological Engineer,,
Ad Albro,Senior Cost Accountant,,
Harriott Buxton,Account Representative III,,
Dilly Griffitt,Project Manager,,
Charlena Gutridge,Account Executive,,
Noak Axup,Project Manager,,
Shel Rosetti,Human Resources Manager,,
Teodoro Corbishley,Payment Adjustment Coordinator,,
Flory Zorro,Administrative Assistant IV,,
Teodora Frango,Information Systems Manager,,
Fayth Batchelar,Senior Cost Accountant,,
Rheba MacCaull,Desktop Support Technician,,
Franzen Huggard,Account Representative I,,
Nanette Alenikov,Environmental Tech,,
Whitaker Creber,Actuary,,
Clara Arnaudot,Account Coordinator,,
Waneta Piddle,Clinical Specialist,,
Hurlee Burt,Programmer I,,
Garold Ullyott,Recruiter,,
Grazia Febre,Social Worker,,
Timmie Griffitt,Electrical Engineer,,
Mindy Jeannard,Media Manager IV,,
Lavinie Haugeh,Human Resources Assistant I,,
Stefa Unworth,Software Consultant,,
Hamel Adds,Actuary,,
Amelia Caustick,Programmer Analyst IV,,
Rosanne Hackley,VP Quality Control,,
Rooney Belasco,Staff Accountant IV,,
Udell Bricket,Internal Auditor,,
Teddy Leisk,Web Designer II,,
Cati Brabham,Analog Circuit Design manager,,
Alic Gilder,Financial Advisor,,
Yvon Fleis,Executive Secretary,,
Peterus Degli Antoni,Account Coordinator,,
Nappie Mansion,Compensation Analyst,,
Sheilakathryn Dealey,Research Assistant IV,,
Eddi Murtimer,VP Quality Control,,
Burnaby Heaslip,Recruiting Manager,,
Ewell Szymonowicz,Senior Developer,,
Thorstein Castagnaro,Accountant I,,
Elli Thyng,Human Resources Assistant III,,
Lorena Clemes,Geologist III,,
Doris Methringham,Marketing Assistant,,
Brooks Deane,Marketing Manager,,
Vale Kassman,Junior Executive,,
Leontyne Vanichkov,Mechanical Systems Engineer,,
Deane Axcell,Legal Assistant,,
Gerardo Costelow,Information Systems Manager,,
Marissa Casely,Administrative Assistant III,,
Dorita Guihen,Media Manager I,,
Wilfred Ede,Occupational Therapist,,
Kylynn Beining,Actuary,,
Jeremy McArt,Budget/Accounting Analyst III,,
Pierson Palmar,Account Coordinator,,
Ethelred Clinning,Pharmacist,,
Laird Frentz,Geological Engineer,,
Wren Pencost,Editor,,
Darby Ewbanks,Speech Pathologist,,
Janeen Ovey,VP Quality Control,,
Cornela Burnham,Civil Engineer,,
Chere Marns,Analog Circuit Design manager,,
Steffen Husher,Environmental Specialist,,
Dalli Croisdall,Administrative Assistant I,,
Gigi Theaker,VP Sales,,
Thedric Cecely,Research Assistant III,,
Maryanna Pain,Junior Executive,,
Kaitlin Chasmer,Clinical Specialist,,
Salome Dabes,Geologist III,,
Mathe Okenden,Editor,,
Noni oldey,Senior Financial Analyst,,
Mariska Claricoats,Research Nurse,,
Cello Stubbin,Accounting Assistant IV,,
Peggi Semarke,Quality Control Specialist,,
Brandy Pavolillo,Senior Sales Associate,,
Mable Wilkisson,Registered Nurse,,
Panchito Tippin,Information Systems Manager,,
Caddric Ollin,Physical Therapy Assistant,,
Tymothy Eggers,Associate Professor,,
Layton Melding,Software Engineer III,,
Falito Wardrop,Information Systems Manager,,
Michal Fattorini,Human Resources Manager,,
Susanetta Hackleton,Physical Therapy Assistant,,
Emili Branche,Account Representative IV,,
Bendite Archibold,Sales Associate,,
Abner Dalligan,Systems Administrator II,,
Thorpe Oldershaw,Actuary,,
Farrel Vasilov,Legal Assistant,,
Merrily Olney,Safety Technician IV,,
Lilli Trappe,Safety Technician II,,
Alena Nelthrop,General Manager,,
Bren Liston,Analyst Programmer,,
Guthry Terbrugge,Account Coordinator,,
Isaiah Hubert,Sales Associate,,
Lida Briant,Web Developer IV,,
Edik Fotherby,Payment Adjustment Coordinator,,
Orsa Renton,Project Manager,,
Yetta Eason,Database Administrator IV,,
Alicea Winchurst,Internal Auditor,,
Paxon Kingsly,Health Coach II,,
Orelee Bowerbank,Physical Therapy Assistant,,
Korrie Cail,Dental Hygienist,,
Don Labram,Recruiter,,
Roderich Glascott,Mechanical Systems Engineer,,
Ruth Andres,Desktop Support Technician,,
Wendel Nassi,Business Systems Development Analyst,,
Homer Meyrick,Compensation Analyst,,
Dalis Spikings,Graphic Designer,,
Morton Windmill,Assistant Professor,,
Boyce Brogan,Analog Circuit Design manager,,
Gigi Bandt,Human Resources Assistant III,,
Curcio Blanko,Information Systems Manager,,
Emmit Marchand,Desktop Support Technician,,
Katlin Noirel,Programmer II,,
Nike Kemmons,Database Administrator III,,
Rosetta Grant,Pharmacist,,
Stephana Howels,Accounting Assistant I,,
Tandi Granleese,Account Representative II,,
Lilith Paulin,Operator,,
Melli Scotts,Dental Hygienist,,
Roxy Forward,Civil Engineer,,
Zsa zsa Dormer,Systems Administrator IV,,
Ginelle Driussi,Social Worker,,
Kathe Bavridge,Analog Circuit Design manager,,
North Droghan,Cost Accountant,,
Curcio Brear,Environmental Specialist,,
Stepha Marchent,Associate Professor,,
Faustine Aveyard,Marketing Manager,,
Bearnard Scintsbury,Teacher,,
Gretchen Wade,Business Systems Development Analyst,,
Sig Leavesley,Recruiting Manager,,
Genevieve Faithorn,Operator,,
Feodora Sebright,Tax Accountant,,
Wallis Ouver,Automation Specialist III,,
Preston Featherby,Internal Auditor,,
Debbi Zorn,Structural Engineer,,
Taryn Fields,Media Manager II,,
Donnajean Schimpke,Structural Engineer,,
Myrta Baigrie,Safety Technician IV,,
Stanly Otteridge,Staff Scientist,,
Munmro Franzonello,Analog Circuit Design manager,,
Gertrude Belasco,Occupational Therapist,,
Ivar Pittam,Administrative Assistant III,,
Titus Burgwin,Database Administrator II,,
Lucienne Hockey,Payment Adjustment Coordinator,,
Guinna Ellar,Sales Associate,,
Nicholas Pays,Nurse,,
Yance MacGeffen,Research Assistant IV,,
Clim Neles,Tax Accountant,,
Sherill Abercrombie,VP Product Management,,
Vina Pashley,Nuclear Power Engineer,,
Storm Blant,Clinical Specialist,,
Chrisse Jarley,Quality Engineer,,
Esme Vynall,Database Administrator I,,
Feliza Bougourd,Accountant I,,
Jere Wolfenden,Data Coordiator,,
Abel Robecon,Account Representative III,,
Gaby McNiven,Nurse,,
Carlin Gaitskell,Food Chemist,,
Carilyn Saich,Account Coordinator,,
Tiebold Allanson,Data Coordiator,,
Travers Trahearn,Analyst Programmer,,
Arlin Flory,Structural Engineer,,
Gardener Rudman,Software Test Engineer IV,,
Clarita Gouinlock,Human Resources Assistant II,,
Fred Duckerin,Registered Nurse,,
Min Lawling,Project Manager,,
Kippie Fairman,Account Executive,,
Mabelle Menaul,Compensation Analyst,,
Ky Mallindine,Product Engineer,,
Ad Ambrodi,Civil Engineer,,
Auria Heaney,Nurse,,
Bertha Curnok,Operator,,
Annora Giorgio,Librarian,,
Aldin Bates,Business Systems Development Analyst,,
Sapphire Moreinis,Systems Administrator I,,
Conroy Staff,Nurse,,
Rubin Herety,Web Designer II,,
Rafaelia Trillo,Research Assistant I,,
Jillane Pieter,Geologist IV,,
Bing Paddemore,Nurse,,
Rabi Gladwell,Nurse Practicioner,,
Gerda Kearn,Assistant Professor,,
Pearl Dominy,Accountant III,,
Jethro Kaubisch,Clinical Specialist,,
Gregg Heeks,Professor,,
Caria Drew-Clifton,Computer Systems Analyst II,,
Alexandro Bennie,Account Executive,,
Robbin Hendrikse,VP Accounting,,
Timotheus McClarence,Senior Developer,,
Pooh Perllman,Sales Representative,,
Fionnula Thornborrow,Financial Advisor,,
Fletcher Hupe,Actuary,,
Ida Barensky,Media Manager IV,,
Isobel MacChaell,Computer Systems Analyst I,,
Loren Niess,Administrative Assistant II,,
Feodora Ellard,Data Coordiator,,
Elysee Habbema,Web Developer III,,
Mignonne Angelini,Editor,,
Cindee Mouse,Social Worker,,
Storm Bains,Senior Sales Associate,,
Marleen Srawley,Computer Systems Analyst I,,
Galina Toffalo,Research Nurse,,
Viole Nevinson,Civil Engineer,,
Germana Ricioppo,Recruiter,,
Frasier Spottiswoode,Senior Developer,,
Charisse O'Drought,Safety Technician I,,
Whitby todor,Research Nurse,,
Lorena Eilert,Tax Accountant,,
Charo Davall,Recruiting Manager,,
Scotti Jacobsen,Compensation Analyst,,
Ferdie Lewendon,Junior Executive,,
Bronson Bewfield,Account Representative II,,
Adlai Noni,Senior Cost Accountant,,
Cherianne Orgel,Actuary,,
Berke Dowyer,Sales Associate,,
Nickie Gowry,Senior Quality Engineer,,
Lucilia Hargate,Recruiting Manager,,
Emory Oldred,Research Assistant III,,
Vail Fiander,Tax Accountant,,
Ophelie Costelloe,Teacher,,
Sena Larratt,Help Desk Operator,,
Son Gligori,Professor,,
Joceline Haddeston,Senior Sales Associate,,
Jonah Vicent,Software Engineer III,,
Kelly Buney,Account Representative I,,
Wiatt Coldbathe,Human Resources Assistant II,,
Corrinne Touret,Senior Developer,,
Naoma Measham,Geologist II,,
Hillie Hudspeth,Assistant Media Planner,,
Norby MacKain,GIS Technical Architect,,
Trixi Foker,Information Systems Manager,,
Chrysler Pullen,Help Desk Technician,,
Alvan Frankland,Librarian,,
Eddie Cromb,Help Desk Operator,,
Renaud Bernolet,Business Systems Development Analyst,,
Amalee Milthorpe,Business Systems Development Analyst,,
Isidoro Evers,GIS Technical Architect,,
Franni Arundel,Software Consultant,,
Gayleen Danelet,Environmental Tech,,
Magnum Scamwell,Speech Pathologist,,
Cherish Linskey,Budget/Accounting Analyst IV,,
Korella Mc Giffin,Software Consultant,,
Sal MacHoste,Human Resources Assistant II,,
Torrance Ternott,Sales Representative,,
Isabeau Kenelin,Engineer II,,
Emmy Sturrock,Assistant Media Planner,,
Nikita MacParland,Professor,,
Meredithe Barehead,Electrical Engineer,,
Hamel Spinelli,Assistant Media Planner,,
Jane Culver,Project Manager,,
Opal Scocroft,Recruiting Manager,,
Fletch Bedwell,Safety Technician IV,,
Madelina Staunton,Librarian,,
Saxe Barlthrop,Analyst Programmer,,
Ann-marie Verdey,Operator,,
Darcey Kondrat,Clinical Specialist,,
Jim Awty,Engineer II,,
Rodge Bachura,VP Accounting,,
Bert Feyer,Database Administrator IV,,
Marni Salzburg,Pharmacist,,
Hyatt Gerty,Human Resources Manager,,
Terri-jo Faill,Geologist I,,
Gerry Boyall,Administrative Officer,,
Orlan Brophy,VP Quality Control,,
Julius Innerstone,Environmental Tech,,
Clim Resdale,Senior Developer,,
Sherlocke Reppaport,Cost Accountant,,
Zonnya Catherall,Sales Associate,,
Patrice McCowen,Electrical Engineer,,
Cindy McNish,Systems Administrator IV,,
Iseabal Ferri,Teacher,,
Marven Sutheran,Accountant IV,,
Roman Byrnes,Operator,,
Jacynth Ratcliffe,Help Desk Operator,,
Bertram Leftley,Computer Systems Analyst II,,
Roley Motherwell,Accounting Assistant I,,
Stern Blackbrough,Account Representative I,,
Giles Kefford,Sales Associate,,
Marthena Wallage,Information Systems Manager,,
Demetra Habgood,Food Chemist,,
Melina Fassmann,Quality Engineer,,
Kyla Hazeup,Operator,,
Barbey Brahams,Computer Systems Analyst III,,
Jaye Cerith,VP Accounting,,
Saunders Bennie,Pharmacist,,
Sascha Doveston,Junior Executive,,
Adrien Florez,Desktop Support Technician,,
Weston Mundle,Marketing Manager,,
Karmen Maria,VP Sales,,
Dal Greenhowe,Civil Engineer,,
Harriot Douglas,Human Resources Assistant I,,
Bax Sykora,Editor,,
Dukie Elmore,Media Manager III,,
Nadean Westlake,Project Manager,,
Kacy Rohloff,Database Administrator II,,
Celle Ossipenko,Senior Quality Engineer,,
Aurelie Grishin,GIS Technical Architect,,
Cristabel Akam,Compensation Analyst,,
Zebedee Nuccitelli,Chemical Engineer,,
Teresita Haley,Developer II,,
Danila Renzo,Business Systems Development Analyst,,
Rosalyn Goodley,Senior Developer,,
Teodorico Battle,VP Marketing,,
Amery Trowsdall,Assistant Professor,,
Demetris Gentiry,GIS Technical Architect,,
Melinde Hucker,Associate Professor,,
Cord Moulster,Desktop Support Technician,,
Deeann Weymouth,Account Representative I,,
Hillary Wasmer,Help Desk Technician,,
Carolee Kennelly,Payment Adjustment Coordinator,,
Raphaela Clemenza,Desktop Support Technician,,
Steffane Biesterfeld,Biostatistician III,,
David Harlin,Junior Executive,,
Christabel Gerrietz,Programmer II,,
Joyce Geistmann,Accountant III,,
Myles Mulqueen,Computer Systems Analyst III,,
Hedvig Wykey,Legal Assistant,,
Michelle Rings,Actuary,,
Buddie Yarnton,Nurse,,
Holly Geaney,Registered Nurse,,
Torre Daulton,Web Designer III,,
Bartholomeus Cunnah,Health Coach II,,
Brittan Giacomi,Marketing Manager,,
Feliza Baston,Media Manager I,,
Claus Worsam,Nurse,,
Odie Pinnion,Financial Analyst,,
Reamonn Padbery,Editor,,
Loni Gandey,Community Outreach Specialist,,
Marty Fuge,VP Accounting,,
Rog Riste,Budget/Accounting Analyst IV,,
Keri Neggrini,Health Coach IV,,
Tory Blofeld,Professor,,
Aluin Snipe,Financial Advisor,,
Carey Massei,Media Manager IV,,
Blondelle Guiot,Marketing Assistant,,
Ivory Ealles,Executive Secretary,,
Regine Bassham,Structural Engineer,,
Betteanne Febre,Tax Accountant,,
Ollie Boddice,Account Coordinator,,
Tillie Arniz,Software Test Engineer III,,
Eadmund Guys,Operator,,
Fay Rousel,Product Engineer,,
Dar Gratland,Account Coordinator,,
Benito MacPake,Help Desk Operator,,
Gena Boutwell,Chief Design Engineer,,
Nichole Itzakovitz,Research Nurse,,
Quentin Iacofo,Systems Administrator II,,
Rita McRill,Administrative Officer,,
Joli Jennemann,Associate Professor,,
Kliment Sleeford,Software Test Engineer I,,
Larina Pacitti,Sales Associate,,
Rosette Sonley,Quality Engineer,,
Izaak Moylane,VP Accounting,,
Laurene Sponder,Geologist I,,
Row Dunkerk,Business Systems Development Analyst,,
Wiley Barras,Senior Cost Accountant,,
Sharleen Rapier,Chief Design Engineer,,
Kristoffer Aaron,Operator,,
Leslie Kee,Operator,,
Gayleen Thiem,Environmental Tech,,
Torrance Vaisey,Data Coordiator,,
Vonnie Temprell,Financial Advisor,,
Albie Fincher,Payment Adjustment Coordinator,,
Chen Kelcey,Clinical Specialist,,
Gallagher Osgood,Graphic Designer,,
Temp Twelftree,Human Resources Manager,,
Glyn Gerber,Biostatistician III,,
Ikey Bath,Environmental Tech,,
Marty Marzellano,Environmental Tech,,
Oates Calafato,Community Outreach Specialist,,
Sophey Antunes,Assistant Media Planner,,
Thain Ratray,Analyst Programmer,,
Lucky Landon,Biostatistician IV,,
Marrissa Fawloe,Technical Writer,,
Valma Gansbuhler,Budget/Accounting Analyst IV,,
Roldan Ygo,Quality Control Specialist,,
Phillida Lonsbrough,Account Representative II,,
Delila Zaniolo,Environmental Specialist,,
Edwin De Giorgio,Safety Technician III,,
,,,
,,,
,,,
,,,
,,,
,,,
,,,
,,,
,,,
,,,
,,,
,,,
,,,
,,,
,,,
,,,
,,,
,,,
,,,
,,,
,,,
,,,
,,,
,,,
,,,
,,,
,,,
,,,
,,,
,,,
,,,
,,,
,,,
,,,
,,,
,,,
,,,
,,,
,,,
,,,
,,,
,,,
,,,
,,,
,,,
,,,
,,,
,,,
,,,
,,,
,,,
,,,
,,,
,,,
,,,
,,,
,,,
,,,
,,,
,,,
,,,
,,,
,,,
,,,
,,,
,,,
,,,
,,,
,,,
,,,
,,,
,,,
,,,
,,,
,,,
,,,
,,,
,,,
,,,
,,,
,,,
,,,
,,,
,,,
,,,
,,,
,,,
,,,
,,,
,,,
,,,
,,,
,,,
,,,
,,,
,,,
,,,
,,,
,,,
,,,
,,,
,,,
,,,
,,,
,,,
,,,
,,,
,,,
,,,
,,,
,,,
,,,
,,,
,,,
,,,
,,,
,,,
,,,
,,,
,,,
,,,
,,,
,,,
,,,
,,,
,,,
,,,
,,,
,,,
,,,
,,,
,,,
,,,
,,,
,,,
,,,
,,,
,,,
,,,
,,,
,,,
,,,
,,,
,,,
,,,
,,,
,,,
,,,
,,,
,,,
,,,
,,,
,,,
,,,
,,,
,,,
,,,
,,,
,,,
,,,
,,,
,,,
,,,
,,,
,,,
,,,
,,,
,,,
,,,
,,,
,,,
,,,
,,,
,,,
,,,
,,,
,,,
,,,
,,,
,,,
,,,
,,,
,,,
,,,
,,,
,,,
,,,
,,,
,,,
,,,
,,,
,,,
,,,
,,,
,,,
,,,
,,,
,,,
,,,
,,,
,,,
,,,
,,,
,,,
,,,
,,,
,,,
,,,
,,,
,,,
,,,
,,,
,,,
,,,
,,,
,,,
,,,
,,,
,,,
,,,
,,,
,,,
,,,
,,,
,,,
,,,
,,,
,,,
,,,
,,,
,,,
,,,
,,,
,,,
,,,
,,,
,,,
,,,
,,,
,,,
,,,
,,,
,,,
,,,
,,,
,,,
,,,
,,,
,,,
,,,
,,,
,,,
,,,
,,,
,,,
,,,
,,,
,,,
,,,
,,,
,,,
,,,
,,,
,,,
,,,
,,,
,,,
,,,
,,,
,,,
,,,
,,,
,,,
,,,
,,,
,,,
,,,
,,,
,,,
,,,
,,,
,,,
,,,
,,,
,,,
,,,
,,,
,,,
,,,
,,,
,,,
,,,
,,,
,,,
,,,
,,,
,,,
,,,
,,,
,,,
,,,
,,,
,,,
,,,
,,,
,,,
,,,
,,,
,,,
,,,
,,,
,,,
,,,
,,,
,,,
,,,
,,,
,,,
,,,
,,,
,,,
,,,
,,,
,,,
,,,
,,,
,,,
,,,
,,,
,,,
,,,
,,,
,,,
,,,
,,,
,,,
,,,
,,,
,,,
,,,
,,,
,,,
,,,
,,,
,,,
,,,
,,,
,,,
,,,
,,,
,,,
,,,
,,,
,,,
,,,
,,,
,,,
,,,
,,,
,,,
,,,
,,,
,,,
,,,
,,,
,,,
,,,
,,,
,,,
,,,
,,,
,,,
,,,
,,,
,,,
,,,
,,,
,,,
,,,
,,,
,,,
,,,
,,,
,,,
,,,
,,,
,,,
,,,
,,,
,,,
,,,
,,,
,,,
,,,
,,,
,,,
,,,
,,,
,,,
,,,
,,,
,,,
,,,
,,,
,,,
,,,
,,,
,,,
,,,
,,,
,,,
,,,
,,,
,,,
,,,
,,,
,,,
,,,
,,,
,,,
,,,
,,,
,,,
,,,
,,,
,,,
,,,
,,,
,,,
,,,
,,,
,,,
,,,
,,,
,,,
,,,
,,,
,,,
,,,
,,,
,,,
,,,
,,,
,,,
,,,
,,,
,,,
,,,
,,,
,,,
,,,
,,,
,,,
,,,
,,,
,,,
,,,
,,,
,,,
,,,
,,,
,,,
,,,
,,,
,,,
,,,
,,,
,,,
,,,
,,,
,,,
,,,
,,,
,,,
,,,
,,,
,,,
,,,
,,,
,,,
,,,
,,,
,,,
,,,
,,,
,,,
,,,
,,,
,,,
,,,
,,,
,,,
,,,
,,,
,,,
,,,
,,,
,,,
,,,
,,,
,,,
,,,
,,,
,,,
,,,
,,,
,,,
,,,
,,,
,,,
,,,
,,,
,,,
,,,
,,,
,,,
,,,
,,,
,,,
,,,
,,,
,,,
,,,
,,,
,,,
,,,
,,,
,,,
,,,
,,,
,,,
,,,
,,,
,,,
,,,
,,,
,,,
,,,
,,,
,,,
,,,
,,,
,,,
,,,
,,,
,,,
,,,
,,,
,,,
,,,
,,,
,,,
,,,
,,,
,,,
,,,
,,,
,,,
,,,
,,,
,,,
,,,
,,,
,,,
,,,
,,,
,,,
,,,
,,,
,,,
,,,
,,,
,,,
,,,
,,,
,,,
,,,
,,,
,,,
,,,
,,,
,,,
,,,
,,,
,,,
,,,
,,,
,,,
,,,
,,,
,,,
,,,
,,,
,,,
,,,
,,,
,,,
,,,
,,,
,,,
,,,
,,,
,,,
,,,
,,,
,,,
,,,
,,,
,,,
,,,
,,,
,,,
,,,
,,,
,,,
,,,
,,,
,,,
,,,
,,,
,,,
,,,
,,,
,,,
,,,
,,,
,,,
,,,
,,,
,,,
,,,
,,,
,,,
,,,
,,,
,,,
,,,
,,,
,,,
,,,
,,,
,,,
,,,
,,,
,,,
,,,
,,,
,,,
,,,
,,,
,,,
,,,
,,,
,,,
,,,
,,,
,,,
,,,
,,,
,,,
,,,
,,,
,,,
,,,
,,,
,,,
,,,
,,,
,,,
,,,
,,,
,,,
,,,
,,,
,,,
,,,
,,,
,,,
,,,
,,,
,,,
,,,
,,,
,,,
,,,
,,,
,,,
,,,
,,,
,,,
,,,
,,,
,,,
,,,
,,,
,,,
,,,
,,,
,,,
,,,
,,,
,,,
,,,
,,,
,,,
,,,
,,,
,,,
,,,
,,,
,,,
,,,
,,,
,,,
,,,
,,,
,,,
,,,
,,,
,,,
,,,
,,,
,,,
,,,
,,,
,,,
,,,
,,,
,,,
,,,
,,,
,,,
,,,
,,,
,,,
,,,
,,,
,,,
,,,
,,,
,,,
,,,
,,,
,,,
,,,
,,,
,,,
,,,
,,,
,,,
,,,
,,,
,,,
,,,
,,,
,,,
,,,
,,,
,,,
,,,
,,,
,,,
,,,
,,,
,,,
,,,
,,,
,,,
,,,
,,,
,,,
,,,
,,,
,,,
,,,
,,,
,,,
,,,
,,,
,,,
,,,
,,,
,,,
,,,
,,,
,,,
,,,
,,,
,,,
,,,
,,,
,,,
,,,
,,,
,,,
,,,
,,,
,,,
,,,
,,,
,,,
,,,
,,,
,,,
,,,
,,,
,,,
,,,
,,,
,,,
,,,
,,,
,,,
,,,
,,,
,,,
,,,
,,,
,,,
,,,
,,,
,,,
,,,
,,,
,,,
,,,
,,,
,,,
,,,
,,,
,,,
,,,
,,,
,,,
,,,
,,,
,,,
,,,
,,,
,,,
,,,
,,,
,,,
,,,
,,,
,,,
,,,
,,,
,,,
,,,
,,,
,,,
,,,
,,,
,,,
,,,
,,,
,,,
,,,
,,,
,,,
,,,
,,,
,,,
,,,
,,,
,,,
,,,
,,,
,,,
,,,
,,,
,,,
,,,
,,,
,,,
,,,
,,,
,,,
,,,
,,,
,,,
,,,
,,,
,,,
,,,
,,,
,,,
,,,
,,,
,,,
,,,
,,,
,,,
,,,
,,,
,,,
,,,
,,,
,,,
,,,
,,,
,,,
,,,
,,,
,,,
,,,
,,,
,,,
,,,
,,,
,,,
,,,
,,,
,,,
,,,
,,,
,,,
,,,
,,,
,,,
,,,
,,,
,,,
,,,
,,,
,,,
,,,
,,,
,,,
,,,
,,,
,,,
,,,
,,,
,,,
,,,
,,,
,,,
,,,
,,,
,,,
,,,
,,,
,,,
,,,
,,,
,,,
,,,
,,,
,,,
,,,
,,,
,,,
,,,
,,,
,,,
,,,
,,,
,,,
,,,
,,,
,,,
,,,
,,,
,,,
,,,
,,,
,,,
,,,
,,,
,,,
,,,
,,,
,,,
,,,
,,,
,,,
,,,
,,,
,,,
,,,
,,,
,,,
,,,
,,,
,,,
,,,
,,,
,,,
,,,
,,,
,,,
,,,
,,,
,,,
,,,
,,,
,,,
,,,
,,,
,,,
,,,
,,,
,,,
,,,
,,,
,,,
,,,
,,,
,,,
,,,
,,,
,,,
,,,
,,,
,,,
,,,
,,,
,,,
,,,
,,,
,,,
,,,
,,,
,,,
,,,
,,,
,,,
,,,
,,,
,,,
,,,
,,,
,,,
,,,
,,,
,,,
,,,
,,,
,,,
,,,
,,,
,,,
,,,
,,,
,,,
,,,
,,,
,,,
,,,
,,,
,,,
,,,
,,,
,,,
,,,
,,,
,,,
,,,
,,,
,,,
,,,
,,,
,,,
,,,
,,,
,,,
,,,
,,,
,,,
,,,
,,,
,,,
,,,
,,,
,,,
,,,
,,,
,,,
,,,
,,,
,,,
,,,
,,,
,,,
,,,
,,,
,,,
,,,
,,,
,,,
,,,
,,,
,,,
,,,
,,,
,,,
,,,
,,,
,,,
,,,
,,,
,,,
,,,
,,,
,,,
,,,
,,,
,,,
,,,
,,,
,,,
,,,
,,,
,,,
,,,
,,,
,,,
,,,
,,,
,,,
,,,
,,,
,,,
,,,
,,,
,,,
,,,
,,,
,,,
,,,
,,,
,,,
,,,
,,,
,,,
,,,
,,,
,,,
,,,
,,,
,,,
,,,
,,,
,,,
,,,
,,,
,,,
,,,
,,,
,,,
,,,
,,,
,,,
,,,
,,,
,,,
,,,
,,,
,,,
,,,
,,,
,,,
,,,
,,,
,,,
,,,
,,,
,,,
,,,
,,,
,,,
,,,
,,,
,,,
,,,
,,,
,,,
,,,
,,,
,,,
,,,
,,,
,,,
,,,
,,,
,,,
,,,
,,,
,,,
,,,
,,,
,,,
,,,
,,,
,,,
,,,
,,,
,,,
,,,
,,,
,,,
,,,
,,,
,,,
,,,
,,,
,,,
,,,
,,,
,,,
,,,
,,,
,,,
,,,
,,,
,,,
,,,
,,,
,,,
,,,
,,,
,,,
,,,
,,,
,,,
,,,
,,,
,,,
,,,
,,,
,,,
,,,
,,,
,,,
,,,
,,,
,,,
,,,
,,,
,,,
,,,
,,,
,,,
,,,
,,,
,,,
,,,
,,,
,,,
,,,
,,,
,,,
,,,
,,,
,,,
,,,
,,,
,,,
,,,
,,,
,,,
,,,
,,,
,,,
,,,
,,,
,,,
,,,
,,,
,,,
,,,
,,,
,,,
,,,
,,,
,,,
,,,
,,,
,,,
,,,
,,,
,,,
,,,
,,,
,,,
,,,
,,,
,,,
,,,
,,,
,,,
,,,
,,,
,,,
,,,
,,,
,,,
,,,
,,,
,,,
,,,
,,,
,,,
,,,
,,,
,,,
,,,
,,,
,,,
,,,
,,,
,,,
,,,
,,,
,,,
,,,
,,,
,,,
,,,
,,,
,,,
,,,
,,,
,,,
,,,
,,,
,,,
,,,
,,,
,,,
,,,
,,,
,,,
,,,
,,,
,,,
,,,
,,,
,,,
,,,
,,,
,,,
,,,
,,,
,,,
,,,
,,,
,,,
,,,
,,,
,,,
,,,
,,,
,,,
,,,
,,,
,,,
,,,
,,,
,,,
,,,
,,,
,,,
,,,
,,,
,,,
,,,
,,,
,,,
,,,
,,,
,,,
,,,
,,,
,,,
,,,
,,,
,,,
,,,
,,,
,,,
,,,
,,,
,,,
,,,
,,,
,,,
,,,
,,,
,,,
,,,
,,,
,,,
,,,
,,,
,,,
,,,
,,,
,,,
,,,
,,,
,,,
,,,
,,,
,,,
,,,
,,,
,,,
,,,
,,,
,,,
,,,
,,,
,,,
,,,
,,,
,,,
,,,
,,,
,,,
,,,
,,,
,,,
,,,
,,,
,,,
,,,
,,,
,,,
,,,
,,,
,,,
,,,
,,,
,,,
,,,
,,,
,,,
,,,
,,,
,,,
,,,
,,,
,,,
,,,
,,,
,,,
,,,
,,,
,,,
,,,
,,,
,,,
,,,
,,,
,,,
,,,
,,,
,,,
,,,
,,,
,,,
,,,
,,,
,,,
,,,
,,,
,,,
,,,
,,,
,,,
,,,
,,,
,,,
,,,
,,,
,,,
,,,
,,,
,,,
,,,
,,,
,,,
,,,
,,,
,,,
,,,
,,,
,,,
,,,
,,,
,,,
,,,
,,,
,,,
,,,
,,,
,,,
,,,
,,,
,,,
,,,
,,,
,,,
,,,
,,,
,,,
,,,
,,,
,,,
,,,
,,,
,,,
,,,
,,,
,,,
,,,
,,,
,,,
,,,
,,,
,,,
,,,
,,,
,,,
,,,
,,,
,,,
,,,
,,,
,,,
,,,
,,,
,,,
,,,
,,,
,,,
,,,
,,,
,,,
,,,
,,,
,,,
,,,
,,,
,,,
,,,
,,,
,,,
,,,
,,,
,,,
,,,
,,,
,,,
,,,
,,,
,,,
,,,
,,,
,,,
,,,
,,,
,,,
,,,
,,,
,,,
,,,
,,,
,,,
,,,
,,,
,,,
,,,
,,,
,,,
,,,
,,,
,,,
,,,
,,,
,,,
,,,
,,,
,,,
,,,
,,,
,,,
,,,
,,,
,,,
,,,
,,,
,,,
,,,
,,,
,,,
,,,
,,,
,,,
,,,
,,,
,,,
,,,
,,,
,,,
,,,
,,,
,,,
,,,
,,,
,,,
,,,
,,,
,,,
,,,
,,,
,,,
,,,
,,,
,,,
,,,
,,,
,,,
,,,
,,,
,,,
,,,
,,,
,,,
,,,
,,,
,,,
,,,
,,,
,,,
,,,
,,,
,,,
,,,
,,,
,,,
,,,
,,,
,,,
,,,
,,,
,,,
,,,
,,,
,,,
,,,
,,,
,,,
,,,
,,,
,,,
,,,
,,,
,,,
,,,
,,,
,,,
,,,
,,,
,,,
,,,
,,,
,,,
,,,
,,,
,,,
,,,
,,,
,,,
,,,
,,,
,,,
,,,
,,,
,,,
,,,
,,,
,,,
,,,
,,,
,,,
,,,
,,,
,,,
,,,
,,,
,,,
,,,
,,,
,,,
,,,
,,,
,,,
,,,
,,,
,,,
,,,
,,,
,,,
,,,
,,,
,,,
,,,
,,,
,,,
,,,
,,,
,,,
,,,
,,,
,,,
,,,
,,,
,,,
,,,
,,,
,,,
,,,
,,,
,,,
,,,
,,,
,,,
,,,
,,,
,,,
,,,
,,,
,,,
,,,
,,,
,,,
,,,
,,,
,,,
,,,
,,,
,,,
,,,
,,,
,,,
,,,
,,,
,,,
,,,
,,,
,,,
,,,
,,,
,,,
,,,
,,,
,,,
,,,
,,,
,,,
,,,
,,,
,,,
,,,
,,,
,,,
,,,
,,,
,,,
,,,
,,,
,,,
,,,
,,,
,,,
,,,
,,,
,,,
,,,
,,,
,,,
,,,
,,,
,,,
,,,
,,,
,,,
,,,
,,,
,,,
,,,
,,,
,,,
,,,
,,,
,,,
,,,
,,,
,,,
,,,
,,,
,,,
,,,
,,,
,,,
,,,
,,,
,,,
,,,
,,,
,,,
,,,
,,,
,,,
,,,
,,,
,,,
,,,
,,,
,,,
,,,
,,,
,,,
,,,
,,,
,,,
,,,
,,,
,,,
,,,
,,,
,,,
,,,
,,,
,,,
,,,
,,,
,,,
,,,
,,,
,,,
,,,
,,,
,,,
,,,
,,,
,,,
,,,
,,,
,,,
,,,
,,,
,,,
,,,
,,,
,,,
,,,
,,,
,,,
,,,
,,,
,,,
,,,
,,,
,,,
,,,
,,,
,,,
,,,
,,,
,,,
,,,
,,,
,,,
,,,
,,,
,,,
,,,
,,,
,,,
,,,
,,,
,,,
,,,
,,,
,,,
,,,
,,,
,,,
,,,
,,,
,,,
,,,
,,,
,,,
,,,
,,,
,,,
,,,
,,,
,,,
,,,
,,,
,,,
,,,
,,,
,,,
,,,
,,,
,,,
,,,
,,,
,,,
,,,
,,,
,,,
,,,
,,,
,,,
,,,
,,,
,,,
,,,
,,,
,,,
,,,
,,,
,,,
,,,
,,,
,,,
,,,
,,,
,,,
,,,
,,,
,,,
,,,
,,,
,,,
,,,
,,,
,,,
,,,
,,,
,,,
,,,
,,,
,,,
,,,
,,,
,,,
,,,
,,,
,,,
,,,
,,,
,,,
,,,
,,,
,,,
,,,
,,,
,,,
,,,
,,,
,,,
,,,
,,,
,,,
,,,
,,,
,,,
,,,
,,,
,,,
,,,
,,,
,,,
,,,
,,,
,,,
,,,
,,,
,,,
,,,
,,,
,,,
,,,
,,,
,,,
,,,
,,,
,,,
,,,
,,,
,,,
,,,
,,,
,,,
,,,
,,,
,,,
,,,
,,,
,,,
,,,
,,,
,,,
,,,
,,,
,,,
,,,
,,,
,,,
,,,
,,,
,,,
,,,
,,,
,,,
,,,
,,,
,,,
,,,
,,,
,,,
,,,
,,,
,,,
,,,
,,,
,,,
,,,
,,,
,,,
,,,
,,,
,,,
,,,
,,,
,,,
,,,
,,,
,,,
,,,
,,,
,,,
,,,
,,,
,,,
,,,
,,,
,,,
,,,
,,,
,,,
,,,
,,,
,,,
,,,
,,,
,,,
,,,
,,,
,,,
,,,
,,,
,,,
,,,
,,,
,,,
,,,
,,,
,,,
,,,
,,,
,,,
,,,
,,,
,,,
,,,
,,,
,,,
,,,
,,,
,,,
,,,
,,,
,,,
,,,
,,,
,,,
,,,
,,,
,,,
,,,
,,,
,,,
,,,
,,,
,,,
,,,
,,,
,,,
,,,
,,,
,,,
,,,
,,,
,,,
,,,
,,,
,,,
,,,
,,,
,,,
,,,
,,,
,,,
,,,
,,,
,,,
,,,
,,,
,,,
,,,
,,,
,,,
,,,
,,,
,,,
,,,
,,,
,,,
,,,
,,,
,,,
,,,
,,,
,,,
,,,
,,,
,,,
,,,
,,,
,,,
,,,
,,,
,,,
,,,
,,,
,,,
,,,
,,,
,,,
,,,
,,,
,,,
,,,
,,,
,,,
,,,
,,,
,,,
,,,
,,,
,,,
,,,
,,,
,,,
,,,
,,,
,,,
,,,
,,,
,,,
,,,
,,,
,,,
,,,
,,,
,,,
,,,
,,,
,,,
,,,
,,,
,,,
,,,
,,,
,,,
,,,
,,,
,,,
,,,
,,,
,,,
,,,
,,,
,,,
,,,
,,,
,,,
,,,
,,,
,,,
,,,
,,,
,,,
,,,
,,,
,,,
,,,
,,,
,,,
,,,
,,,
,,,
,,,
,,,
,,,
,,,
,,,
,,,
,,,
,,,
,,,
,,,
,,,
,,,
,,,
,,,
,,,
,,,
,,,
,,,
,,,
,,,
,,,
,,,
,,,
,,,
,,,
,,,
,,,
,,,
,,,
,,,
,,,
,,,
,,,
,,,
,,,
,,,
,,,
,,,
,,,
,,,
,,,
,,,
,,,
,,,
,,,
,,,
,,,
,,,
,,,
,,,
,,,
,,,
,,,
,,,
,,,
,,,
,,,
,,,
,,,
,,,
,,,
,,,
,,,
,,,
,,,
,,,
,,,
,,,
,,,
,,,
,,,
,,,
,,,
,,,
,,,
,,,
,,,
,,,
,,,
,,,
,,,
,,,
,,,
,,,
,,,
,,,
,,,
,,,
,,,
,,,
,,,
,,,
,,,
,,,
,,,
,,,
,,,
,,,
,,,
,,,
,,,
,,,
,,,
,,,
,,,
,,,
,,,
,,,
,,,
,,,
,,,
,,,
,,,
,,,
,,,
,,,
,,,
,,,
,,,
,,,
,,,
,,,
,,,
,,,
,,,
,,,
,,,
,,,
,,,
,,,
,,,
,,,
,,,
,,,
,,,
,,,
,,,
,,,
,,,
,,,
,,,
,,,
,,,
,,,
,,,
,,,
,,,
,,,
,,,
,,,
,,,
,,,
,,,
,,,
,,,
,,,
,,,
,,,
,,,
,,,
,,,
,,,
,,,
,,,
,,,
,,,
,,,
,,,
,,,
,,,
,,,
,,,
,,,
,,,
,,,
,,,
,,,
,,,
,,,
,,,
,,,
,,,
,,,
,,,
,,,
,,,
,,,
,,,
,,,
,,,
,,,
,,,
,,,
,,,
,,,
,,,
,,,
,,,
,,,
,,,
,,,
,,,
,,,
,,,
,,,
,,,
,,,
,,,
,,,
,,,
,,,
,,,
,,,
,,,
,,,
,,,
,,,
,,,
,,,
,,,
,,,
,,,
,,,
,,,
,,,
,,,
,,,
,,,
,,,
,,,
,,,
,,,
,,,
,,,
,,,
,,,
,,,
,,,
,,,
,,,
,,,
,,,
,,,
,,,
,,,
,,,
,,,
,,,
,,,
,,,
,,,
,,,
,,,
,,,
,,,
,,,
,,,
,,,
,,,
,,,
,,,
,,,
,,,
,,,
,,,
,,,
,,,
,,,
,,,
,,,
,,,
,,,
,,,
,,,
,,,
,,,
,,,
,,,
,,,
,,,
,,,
,,,
,,,
,,,
,,,
,,,
,,,
,,,
,,,
,,,
,,,
,,,
,,,
,,,
,,,
,,,
,,,
,,,
,,,
,,,
,,,
,,,
,,,
,,,
,,,
,,,
,,,
,,,
,,,
,,,
,,,
,,,
,,,
,,,
,,,
,,,
,,,
,,,
,,,
,,,
,,,
,,,
,,,
,,,
,,,
,,,
,,,
,,,
,,,
,,,
,,,
,,,
,,,
,,,
,,,
,,,
,,,
,,,
,,,
,,,
,,,
,,,
,,,
,,,
,,,
,,,
,,,
,,,
,,,
,,,
,,,
,,,
,,,
,,,
,,,
,,,
,,,
,,,
,,,
,,,
,,,
,,,
,,,
,,,
,,,
,,,
,,,
,,,
,,,
,,,
,,,
,,,
,,,
,,,
,,,
,,,
,,,
,,,
,,,
,,,
,,,
,,,
,,,
,,,
,,,
,,,
,,,
,,,
,,,
,,,
,,,
,,,
,,,
,,,
,,,
,,,
,,,
,,,
,,,
,,,
,,,
,,,
,,,
,,,
,,,
,,,
,,,
,,,
,,,
,,,
,,,
,,,
,,,
,,,
,,,
,,,
,,,
,,,
,,,
,,,
,,,
,,,
,,,
,,,
,,,
,,,
,,,
,,,
,,,
,,,
,,,
,,,
,,,
,,,
,,,
,,,
,,,
,,,
,,,
,,,
,,,
,,,
,,,
,,,
,,,
,,,
,,,
,,,
,,,
,,,
,,,
,,,
,,,
,,,
,,,
,,,
,,,
,,,
,,,
,,,
,,,
,,,
,,,
,,,
,,,
,,,
,,,
,,,
,,,
,,,
,,,
,,,
,,,
,,,
,,,
,,,
,,,
,,,
,,,
,,,
,,,
,,,
,,,
,,,
,,,
,,,
,,,
,,,
,,,
,,,
,,,
,,,
,,,
,,,
,,,
,,,
,,,
,,,
,,,
,,,
,,,
,,,
,,,
,,,
,,,
,,,
,,,
,,,
,,,
,,,
,,,
,,,
,,,
,,,
,,,
,,,
,,,
,,,
,,,
,,,
,,,
,,,
,,,
,,,
,,,
,,,
,,,
,,,
,,,
,,,
,,,
,,,
,,,
,,,
,,,
,,,
,,,
,,,
,,,
,,,
,,,
,,,
,,,
,,,
,,,
,,,
,,,
,,,
,,,
,,,
,,,
,,,
,,,
,,,
,,,
,,,
,,,
,,,
,,,
,,,
,,,
,,,
,,,
,,,
,,,
,,,
,,,
,,,
,,,
,,,
,,,
,,,
,,,
,,,
,,,
,,,
,,,
,,,
,,,
,,,
,,,
,,,
,,,
,,,
,,,
,,,
,,,
,,,
,,,
,,,
,,,
,,,
,,,
,,,
,,,
,,,
,,,
,,,
,,,
,,,
,,,
,,,
,,,
,,,
,,,
,,,
,,,
,,,
,,,
,,,
,,,
,,,
,,,
,,,
,,,
,,,
,,,
,,,
,,,
,,,
,,,
,,,
,,,
,,,
,,,
,,,
,,,
,,,
,,,
,,,
,,,
,,,
,,,
,,,
,,,
,,,
,,,
,,,
,,,
,,,
,,,
,,,
,,,
,,,
,,,
,,,
,,,
,,,
,,,
,,,
,,,
,,,
,,,
,,,
,,,
,,,
,,,
,,,
,,,
,,,
,,,
,,,
,,,
,,,
,,,
,,,
,,,
,,,
,,,
,,,
,,,
,,,
,,,
,,,
,,,
,,,
,,,
,,,
,,,
,,,
,,,
,,,
,,,
,,,
,,,
,,,
,,,
,,,
,,,
,,,
,,,
,,,
,,,
,,,
,,,
,,,
,,,
,,,
,,,
,,,
,,,
,,,
,,,
,,,
,,,
,,,
,,,
,,,
,,,
,,,
,,,
,,,
,,,
,,,
,,,
,,,
,,,
,,,
,,,
,,,
,,,
,,,
,,,
,,,
,,,
,,,
,,,
,,,
,,,
,,,
,,,
,,,
,,,
,,,
,,,
,,,
,,,
,,,
,,,
,,,
,,,
,,,
,,,
,,,
,,,
,,,
,,,
,,,
,,,
,,,
,,,
,,,
,,,
,,,
,,,
,,,
,,,
,,,
,,,
,,,
,,,
,,,
,,,
,,,
,,,
,,,
,,,
,,,
,,,
,,,
,,,
,,,
,,,
,,,
,,,
,,,
,,,
,,,
,,,
,,,
,,,
,,,
,,,
,,,
,,,
,,,
,,,
,,,
,,,
,,,
,,,
,,,
,,,
,,,
,,,
,,,
,,,
,,,
,,,
,,,
,,,
,,,
,,,
,,,
,,,
,,,
,,,
,,,
,,,
,,,
,,,
,,,
,,,
,,,
,,,
,,,
,,,
,,,
,,,
,,,
,,,
,,,
,,,
,,,
,,,
,,,
,,,
,,,
,,,
,,,
,,,
,,,
,,,
,,,
,,,
,,,
,,,
,,,
,,,
,,,
,,,
,,,
,,,
,,,
,,,
,,,
,,,
,,,
,,,
,,,
,,,
,,,
,,,
,,,
,,,
,,,
,,,
,,,
,,,
,,,
,,,
,,,
,,,
,,,
,,,
,,,
,,,
,,,
,,,
,,,
,,,
,,,
,,,
,,,
,,,
,,,
,,,
,,,
,,,
,,,
,,,
,,,
,,,
,,,
,,,
,,,
,,,
,,,
,,,
,,,
,,,
,,,
,,,
,,,
,,,
,,,
,,,
,,,
,,,
,,,
,,,
,,,
,,,
,,,
,,,
,,,
,,,
,,,
,,,
,,,
,,,
,,,
,,,
,,,
,,,
,,,
,,,
,,,
,,,
,,,
,,,
,,,
,,,
,,,
,,,
,,,
,,,
,,,
,,,
,,,
,,,
,,,
,,,
,,,
,,,
,,,
,,,
,,,
,,,
,,,
,,,
,,,
,,,
,,,
,,,
,,,
,,,
,,,
,,,
,,,
,,,
,,,
,,,
,,,
,,,
,,,
,,,
,,,
,,,
,,,
,,,
,,,
,,,
,,,
,,,
,,,
,,,
,,,
,,,
,,,
,,,
,,,
,,,
,,,
,,,
,,,
,,,
,,,
,,,
,,,
,,,
,,,
,,,
,,,
,,,
,,,
,,,
,,,
,,,
,,,
,,,
,,,
,,,
,,,
,,,
,,,
,,,
,,,
,,,
,,,
,,,
,,,
,,,
,,,
,,,
,,,
,,,
,,,
,,,
,,,
,,,
,,,
,,,
,,,
,,,
,,,
,,,
,,,
,,,
,,,
,,,
,,,
,,,
,,,
,,,
,,,
,,,
,,,
,,,
,,,
,,,
,,,
,,,
,,,
,,,
,,,
,,,
,,,
,,,
,,,
,,,
,,,
,,,
,,,
,,,
,,,
,,,
,,,
,,,
,,,
,,,
,,,
,,,
,,,
,,,
,,,
,,,
,,,
,,,
,,,
,,,
,,,
,,,
,,,
,,,
,,,
,,,
,,,
,,,
,,,
,,,
,,,
,,,
,,,
,,,
,,,
,,,
,,,
,,,
,,,
,,,
,,,
,,,
,,,
,,,
,,,
,,,
,,,
,,,
,,,
,,,
,,,
,,,
,,,
,,,
,,,
,,,
,,,
,,,
,,,
,,,
,,,
,,,
,,,
,,,
,,,
,,,
,,,
,,,
,,,
,,,
,,,
,,,
,,,
,,,
,,,
,,,
,,,
,,,
,,,
,,,
,,,
,,,
,,,
,,,
,,,
,,,
,,,
,,,
,,,
,,,
,,,
,,,
,,,
,,,
,,,
,,,
,,,
,,,
,,,
,,,
,,,
,,,
,,,
,,,
,,,
,,,
,,,
,,,
,,,
,,,
,,,
,,,
,,,
,,,
,,,
,,,
,,,
,,,
,,,
,,,
,,,
,,,
,,,
,,,
,,,
,,,
,,,
,,,
,,,
,,,
,,,
,,,
,,,
,,,
,,,
,,,
,,,
,,,
,,,
,,,
,,,
,,,
,,,
,,,
,,,
,,,
,,,
,,,
,,,
,,,
,,,
,,,
,,,
,,,
,,,
,,,
,,,
,,,
,,,
,,,
,,,
,,,
,,,
,,,
,,,
,,,
,,,
,,,
,,,
,,,
,,,
,,,
,,,
,,,
,,,
,,,
,,,
,,,
,,,
,,,
,,,
,,,
,,,
,,,
,,,
,,,
,,,
,,,
,,,
,,,
,,,
,,,
,,,
,,,
,,,
,,,
,,,
,,,
,,,
,,,
,,,
,,,
,,,
,,,
,,,
,,,
,,,
,,,
,,,
,,,
,,,
,,,
,,,
,,,
,,,
,,,
,,,
,,,
,,,
,,,
,,,
,,,
,,,
,,,
,,,
,,,
,,,
,,,
,,,
,,,
,,,
,,,
,,,
,,,
,,,
,,,
,,,
,,,
,,,
,,,
,,,
,,,
,,,
,,,
,,,
,,,
,,,
,,,
,,,
,,,
,,,
,,,
,,,
,,,
,,,
,,,
,,,
,,,
,,,
,,,
,,,
,,,
,,,
,,,
,,,
,,,
,,,
,,,
,,,
,,,
,,,
,,,
,,,
,,,
,,,
,,,
,,,
,,,
,,,
,,,
,,,
,,,
,,,
,,,
,,,
,,,
,,,
,,,
,,,
,,,
,,,
,,,
,,,
,,,
,,,
,,,
,,,
,,,
,,,
,,,
,,,
,,,
,,,
,,,
,,,
,,,
,,,
,,,
,,,
,,,
,,,
,,,
,,,
,,,
,,,
,,,
,,,
,,,
,,,
,,,
,,,
,,,
,,,
,,,
,,,
,,,
,,,
,,,
,,,
,,,
,,,
,,,
,,,
,,,
,,,
,,,
,,,
,,,
,,,
,,,
,,,
,,,
,,,
,,,
,,,
,,,
,,,
,,,
,,,
,,,
,,,
,,,
,,,
,,,
,,,
,,,
,,,
,,,
,,,
,,,
,,,
,,,
,,,
,,,
,,,
,,,
,,,
,,,
,,,
,,,
,,,
,,,
,,,
,,,
,,,
,,,
,,,
,,,
,,,
,,,
,,,
,,,
,,,
,,,
,,,
,,,
,,,
,,,
,,,
,,,
,,,
,,,
,,,
,,,
,,,
,,,
,,,
,,,
,,,
,,,
,,,
,,,
,,,
,,,
,,,
,,,
,,,
,,,
,,,
,,,
,,,
,,,
,,,
,,,
,,,
,,,
,,,
,,,
,,,
,,,
,,,
,,,
,,,
,,,
,,,
,,,
,,,
,,,
,,,
,,,
,,,
,,,
,,,
,,,
,,,
,,,
,,,
,,,
,,,
,,,
,,,
,,,
,,,
,,,
,,,
,,,
,,,
,,,
,,,
,,,
,,,
,,,
,,,
,,,
,,,
,,,
,,,
,,,
,,,
,,,
,,,
,,,
,,,
,,,
,,,
,,,
,,,
,,,
,,,
,,,
,,,
,,,
,,,
,,,
,,,
,,,
,,,
,,,
,,,
,,,
,,,
,,,
,,,
,,,
,,,
,,,
,,,
,,,
,,,
,,,
,,,
,,,
,,,
,,,
,,,
,,,
,,,
,,,
,,,
,,,
,,,
,,,
,,,
,,,
,,,
,,,
,,,
,,,
,,,
,,,
,,,
,,,
,,,
,,,
,,,
,,,
,,,
,,,
,,,
,,,
,,,
,,,
,,,
,,,
,,,
,,,
,,,
,,,
,,,
,,,
,,,
,,,
,,,
,,,
,,,
,,,
,,,
,,,
,,,
,,,
,,,
,,,
,,,
,,,
,,,
,,,
,,,
,,,
,,,
,,,
,,,
,,,
,,,
,,,
,,,
,,,
,,,
,,,
,,,
,,,
,,,
,,,
,,,
,,,
,,,
,,,
,,,
,,,
,,,
,,,
,,,
,,,
,,,
,,,
,,,
,,,
,,,
,,,
,,,
,,,
,,,
,,,
,,,
,,,
,,,
,,,
,,,
,,,
,,,
,,,
,,,
,,,
,,,
,,,
,,,
,,,
,,,
,,,
,,,
,,,
,,,
,,,
,,,
,,,
,,,
,,,
,,,
,,,
,,,
,,,
,,,
,,,
,,,
,,,
,,,
,,,
,,,
,,,
,,,
,,,
,,,
,,,
,,,
,,,
,,,
,,,
,,,
,,,
,,,
,,,
,,,
,,,
,,,
,,,
,,,
,,,
,,,
,,,
,,,
,,,
,,,
,,,
,,,
,,,
,,,
,,,
,,,
,,,
,,,
,,,
,,,
,,,
,,,
,,,
,,,
,,,
,,,
,,,
,,,
,,,
,,,
,,,
,,,
,,,
,,,
,,,
,,,
,,,
,,,
,,,
,,,
,,,
,,,
,,,
,,,
,,,
,,,
,,,
,,,
,,,
,,,
,,,
,,,
,,,
,,,
,,,
,,,
,,,
,,,
,,,
,,,
,,,
,,,
,,,
,,,
,,,
,,,
,,,
,,,
,,,
,,,
,,,
,,,
,,,
,,,
,,,
,,,
,,,
,,,
,,,
,,,
,,,
,,,
,,,
,,,
,,,
,,,
,,,
,,,
,,,
,,,
,,,
,,,
,,,
,,,
,,,
,,,
,,,
,,,
,,,
,,,
,,,
,,,
,,,
,,,
,,,
,,,
,,,
,,,
,,,
,,,
,,,
,,,
,,,
,,,
,,,
,,,
,,,
,,,
,,,
,,,
,,,
,,,
,,,
,,,
,,,
,,,
,,,
,,,
,,,
,,,
,,,
,,,
,,,
,,,
,,,
,,,
,,,
,,,
,,,
,,,
,,,
,,,
,,,
,,,
,,,
,,,
,,,
,,,
,,,
,,,
,,,
,,,
,,,
,,,
,,,
,,,
,,,
,,,
,,,
,,,
,,,
,,,
,,,
,,,
,,,
,,,
,,,
,,,
,,,
,,,
,,,
,,,
,,,
,,,
,,,
,,,
,,,
,,,
,,,
,,,
,,,
,,,
,,,
,,,
,,,
,,,
,,,
,,,
,,,
,,,
,,,
,,,
,,,
,,,
,,,
,,,
,,,
,,,
,,,
,,,
,,,
,,,
,,,
,,,
,,,
,,,
,,,
,,,
,,,
,,,
,,,
,,,
,,,
,,,
,,,
,,,
,,,
,,,
,,,
,,,
,,,
,,,
,,,
,,,
,,,
,,,
,,,
,,,
,,,
,,,
,,,
,,,
,,,
,,,
,,,
,,,
,,,
,,,
,,,
,,,
,,,
,,,
,,,
,,,
,,,
,,,
,,,
,,,
,,,
,,,
,,,
,,,
,,,
,,,
,,,
,,,
,,,
,,,
,,,
,,,
,,,
,,,
,,,
,,,
,,,
,,,
,,,
,,,
,,,
,,,
,,,
,,,
,,,
,,,
,,,
,,,
,,,
,,,
,,,
,,,
,,,
,,,
,,,
,,,
,,,
,,,
,,,
,,,
,,,
,,,
,,,
,,,
,,,
,,,
,,,
,,,
,,,
,,,
,,,
,,,
,,,
,,,
,,,
,,,
,,,
,,,
,,,
,,,
,,,
,,,
,,,
,,,
,,,
,,,
,,,
,,,
,,,
,,,
,,,
,,,
,,,
,,,
,,,
,,,
,,,
,,,
,,,
,,,
,,,
,,,
,,,
,,,
,,,
,,,
,,,
,,,
,,,
,,,
,,,
,,,
,,,
,,,
,,,
,,,
,,,
,,,
,,,
,,,
,,,
,,,
,,,
,,,
,,,
,,,
,,,
,,,
,,,
,,,
,,,
,,,
,,,
,,,
,,,
,,,
,,,
,,,
,,,
,,,
,,,
,,,
,,,
,,,
,,,
,,,
,,,
,,,
,,,
,,,
,,,
,,,
,,,
,,,
,,,
,,,
,,,
,,,
,,,
,,,
,,,
,,,
,,,
,,,
,,,
,,,
,,,
,,,
,,,
,,,
,,,
,,,
,,,
,,,
,,,
,,,
,,,
,,,
,,,
,,,
,,,
,,,
,,,
,,,
,,,
,,,
,,,
,,,
,,,
,,,
,,,
,,,
,,,
,,,
,,,
,,,
,,,
,,,
,,,
,,,
,,,
,,,
,,,
,,,
,,,
,,,
,,,
,,,
,,,
,,,
,,,
,,,
,,,
,,,
,,,
,,,
,,,
,,,
,,,
,,,
,,,
,,,
,,,
,,,
,,,
,,,
,,,
,,,
,,,
,,,
,,,
,,,
,,,
,,,
,,,
,,,
,,,
,,,
,,,
,,,
,,,
,,,
,,,
,,,
,,,
,,,
,,,
,,,
,,,
,,,
,,,
,,,
,,,
,,,
,,,
,,,
,,,
,,,
,,,
,,,
,,,
,,,
,,,
,,,
,,,
,,,
,,,
,,,
,,,
,,,
,,,
,,,
,,,
,,,
,,,
,,,
,,,
,,,
,,,
,,,
,,,
,,,
,,,
,,,
,,,
,,,
,,,
,,,
,,,
,,,
,,,
,,,
,,,
,,,
,,,
,,,
,,,
,,,
,,,
,,,
,,,
,,,
,,,
,,,
,,,
,,,
,,,
,,,
,,,
,,,
,,,
,,,
,,,
,,,
,,,
,,,
,,,
,,,
,,,
,,,
,,,
,,,
,,,
,,,
,,,
,,,
,,,
,,,
,,,
,,,
,,,
,,,
,,,
,,,
,,,
,,,
,,,
,,,
,,,
,,,
,,,
,,,
,,,
,,,
,,,
,,,
,,,
,,,
,,,
,,,
,,,
,,,
,,,
,,,
,,,
,,,
,,,
,,,
,,,
,,,
,,,
,,,
,,,
,,,
,,,
,,,
,,,
,,,
,,,
,,,
,,,
,,,
,,,
,,,
,,,
,,,
,,,
,,,
,,,
,,,
,,,
,,,
,,,
,,,
,,,
,,,
,,,
,,,
,,,
,,,
,,,
,,,
,,,
,,,
,,,
,,,
,,,
,,,
,,,
,,,
,,,
,,,
,,,
,,,
,,,
,,,
,,,
,,,
,,,
,,,
,,,
,,,
,,,
,,,
,,,
,,,
,,,
,,,
,,,
,,,
,,,
,,,
,,,
,,,
,,,
,,,
,,,
,,,
,,,
,,,
,,,
,,,
,,,
,,,
,,,
,,,
,,,
,,,
,,,
,,,
,,,
,,,
,,,
,,,
,,,
,,,
,,,
,,,
,,,
,,,
,,,
,,,
,,,
,,,
,,,
,,,
,,,
,,,
,,,
,,,
,,,
,,,
,,,
,,,
,,,
,,,
,,,
,,,
,,,
,,,
,,,
,,,
,,,
,,,
,,,
,,,
,,,
,,,
,,,
,,,
,,,
,,,
,,,
,,,
,,,
,,,
,,,
,,,
,,,
,,,
,,,
,,,
,,,
,,,
,,,
,,,
,,,
,,,
,,,
,,,
,,,
,,,
,,,
,,,
,,,
,,,
,,,
,,,
,,,
,,,
,,,
,,,
,,,
,,,
,,,
,,,
,,,
,,,
,,,
,,,
,,,
,,,
,,,
,,,
,,,
,,,
,,,
,,,
,,,
,,,
,,,
,,,
,,,
,,,
,,,
,,,
,,,
,,,
,,,
,,,
,,,
,,,
,,,
,,,
,,,
,,,
,,,
,,,
,,,
,,,
,,,
,,,
,,,
,,,
,,,
,,,
,,,
,,,
,,,
,,,
,,,
,,,
,,,
,,,
,,,
,,,
,,,
,,,
,,,
,,,
,,,
,,,
,,,
,,,
,,,
,,,
,,,
,,,
,,,
,,,
,,,
,,,
,,,
,,,
,,,
,,,
,,,
,,,
,,,
,,,
,,,
,,,
,,,
,,,
,,,
,,,
,,,
,,,
,,,
,,,
,,,
,,,
,,,
,,,
,,,
,,,
,,,
,,,
,,,
,,,
,,,
,,,
,,,
,,,
,,,
,,,
,,,
,,,
,,,
,,,
,,,
,,,
,,,
,,,
,,,
,,,
,,,
,,,
,,,
,,,
,,,
,,,
,,,
,,,
,,,
,,,
,,,
,,,
,,,
,,,
,,,
,,,
,,,
,,,
,,,
,,,
,,,
,,,
,,,
,,,
,,,
,,,
,,,
,,,
,,,
,,,
,,,
,,,
,,,
,,,
,,,
,,,
,,,
,,,
,,,
,,,
,,,
,,,
,,,
,,,
,,,
,,,
,,,
,,,
,,,
,,,
,,,
,,,
,,,
,,,
,,,
,,,
,,,
,,,
,,,
,,,
,,,
,,,
,,,
,,,
,,,
,,,
,,,
,,,
,,,
,,,
,,,
,,,
,,,
,,,
,,,
,,,
,,,
,,,
,,,
,,,
,,,
,,,
,,,
,,,
,,,
,,,
,,,
,,,
,,,
,,,
,,,
,,,
,,,
,,,
,,,
,,,
,,,
,,,
,,,
,,,
,,,
,,,
,,,
,,,
,,,
,,,
,,,
,,,
,,,
,,,
,,,
,,,
,,,
,,,
,,,
,,,
,,,
,,,
,,,
,,,
,,,
,,,
,,,
,,,
,,,
,,,
,,,
,,,
,,,
,,,
,,,
,,,
,,,
,,,
,,,
,,,
,,,
,,,
,,,
,,,
,,,
,,,
,,,
,,,
,,,
,,,
,,,
,,,
,,,
,,,
,,,
,,,
,,,
,,,
,,,
,,,
,,,
,,,
,,,
,,,
,,,
,,,
,,,
,,,
,,,
,,,
,,,
,,,
,,,
,,,
,,,
,,,
,,,
,,,
,,,
,,,
,,,
,,,
,,,
,,,
,,,
,,,
,,,
,,,
,,,
,,,
,,,
,,,
,,,
,,,
,,,
,,,
,,,
,,,
,,,
,,,
,,,
,,,
,,,
,,,
,,,
,,,
,,,
,,,
,,,
,,,
,,,
,,,
,,,
,,,
,,,
,,,
,,,
,,,
,,,
,,,
,,,
,,,
,,,
,,,
,,,
,,,
,,,
,,,
,,,
,,,
,,,
,,,
,,,
,,,
,,,
,,,
,,,
,,,
,,,
,,,
,,,
,,,
,,,
,,,
,,,
,,,
,,,
,,,
,,,
,,,
,,,
,,,
,,,
,,,
,,,
,,,
,,,
,,,
,,,
,,,
,,,
,,,
,,,
,,,
,,,
,,,
,,,
,,,
,,,
,,,
,,,
,,,
,,,
,,,
,,,
,,,
,,,
,,,
,,,
,,,
,,,
,,,
,,,
,,,
,,,
,,,
,,,
,,,
,,,
,,,
,,,
,,,
,,,
,,,
,,,
,,,
,,,
,,,
,,,
,,,
,,,
,,,
,,,
,,,
,,,
,,,
,,,
,,,
,,,
,,,
,,,
,,,
,,,
,,,
,,,
,,,
,,,
,,,
,,,
,,,
,,,
,,,
,,,
,,,
,,,
,,,
,,,
,,,
,,,
,,,
,,,
,,,
,,,
,,,
,,,
,,,
,,,
,,,
,,,
,,,
,,,
,,,
,,,
,,,
,,,
,,,
,,,
,,,
,,,
,,,
,,,
,,,
,,,
,,,
,,,
,,,
,,,
,,,
,,,
,,,
,,,
,,,
,,,
,,,
,,,
,,,
,,,
,,,
,,,
,,,
,,,
,,,
,,,
,,,
,,,
,,,
,,,
,,,
,,,
,,,
,,,
,,,
,,,
,,,
,,,
,,,
,,,
,,,
,,,
,,,
,,,
,,,
,,,
,,,
,,,
,,,
,,,
,,,
,,,
,,,
,,,
,,,
,,,
,,,
,,,
,,,
,,,
,,,
,,,
,,,
,,,
,,,
,,,
,,,
,,,
,,,
,,,
,,,
,,,
,,,
,,,
,,,
,,,
,,,
,,,
,,,
,,,
,,,
,,,
,,,
,,,
,,,
,,,
,,,
,,,
,,,
,,,
,,,
,,,
,,,
,,,
,,,
,,,
,,,
,,,
,,,
,,,
,,,
,,,
,,,
,,,
,,,
,,,
,,,
,,,
,,,
,,,
,,,
,,,
,,,
,,,
,,,
,,,
,,,
,,,
,,,
,,,
,,,
,,,
,,,
,,,
,,,
,,,
,,,
,,,
,,,
,,,
,,,
,,,
,,,
,,,
,,,
,,,
,,,
,,,
,,,
,,,
,,,
,,,
,,,
,,,
,,,
,,,
,,,
,,,
,,,
,,,
,,,
,,,
,,,
,,,
,,,
,,,
,,,
,,,
,,,
,,,
,,,
,,,
,,,
,,,
,,,
,,,
,,,
,,,
,,,
,,,
,,,
,,,
,,,
,,,
,,,
,,,
,,,
,,,
,,,
,,,
,,,
,,,
,,,
,,,
,,,
,,,
,,,
,,,
,,,
,,,
,,,
,,,
,,,
,,,
,,,
,,,
,,,
,,,
,,,
,,,
,,,
,,,
,,,
,,,
,,,
,,,
,,,
,,,
,,,
,,,
,,,
,,,
,,,
,,,
,,,
,,,
,,,
,,,
,,,
,,,
,,,
,,,
,,,
,,,
,,,
,,,
,,,
,,,
,,,
,,,
,,,
,,,
,,,
,,,
,,,
,,,
,,,
,,,
,,,
,,,
,,,
,,,
,,,
,,,
,,,
,,,
,,,
,,,
,,,
,,,
,,,
,,,
,,,
,,,
,,,
,,,
,,,
,,,
,,,
,,,
,,,
,,,
,,,
,,,
,,,
,,,
,,,
,,,
,,,
,,,
,,,
,,,
,,,
,,,
,,,
,,,
,,,
,,,
,,,
,,,
,,,
,,,
,,,
,,,
,,,
,,,
,,,
,,,
,,,
,,,
,,,
,,,
,,,
,,,
,,,
,,,
,,,
,,,
,,,
,,,
,,,
,,,
,,,
,,,
,,,
,,,
,,,
,,,
,,,
,,,
,,,
,,,
,,,
,,,
,,,
,,,
,,,
,,,
,,,
,,,
,,,
,,,
,,,
,,,
,,,
,,,
,,,
,,,
,,,
,,,
,,,
,,,
,,,
,,,
,,,
,,,
,,,
,,,
,,,
,,,
,,,
,,,
,,,
,,,
,,,
,,,
,,,
,,,
,,,
,,,
,,,
,,,
,,,
,,,
,,,
,,,
,,,
,,,
,,,
,,,
,,,
,,,
,,,
,,,
,,,
,,,
,,,
,,,
,,,
,,,
,,,
,,,
,,,
,,,
,,,
,,,
,,,
,,,
,,,
,,,
,,,
,,,
,,,
,,,
,,,
,,,
,,,
,,,
,,,
,,,
,,,
,,,
,,,
,,,
,,,
,,,
,,,
,,,
,,,
,,,
,,,
,,,
,,,
,,,
,,,
,,,
,,,
,,,
,,,
,,,
,,,
,,,
,,,
,,,
,,,
,,,
,,,
,,,
,,,
,,,
,,,
,,,
,,,
,,,
,,,
,,,
,,,
,,,
,,,
,,,
,,,
,,,
,,,
,,,
,,,
,,,
,,,
,,,
,,,
,,,
,,,
,,,
,,,
,,,
,,,
,,,
,,,
,,,
,,,
,,,
,,,
,,,
,,,
,,,
,,,
,,,
,,,
,,,
,,,
,,,
,,,
,,,
,,,
,,,
,,,
,,,
,,,
,,,
,,,
,,,
,,,
,,,
,,,
,,,
,,,
,,,
,,,
,,,
,,,
,,,
,,,
,,,
,,,
,,,
,,,
,,,
,,,
,,,
,,,
,,,
,,,
,,,
,,,
,,,
,,,
,,,
,,,
,,,
,,,
,,,
,,,
,,,
,,,
,,,
,,,
,,,
,,,
,,,
,,,
,,,
,,,
,,,
,,,
,,,
,,,
,,,
,,,
,,,
,,,
,,,
,,,
,,,
,,,
,,,
,,,
,,,
,,,
,,,
,,,
,,,
,,,
,,,
,,,
,,,
,,,
,,,
,,,
,,,
,,,
,,,
,,,
,,,
,,,
,,,
,,,
,,,
,,,
,,,
,,,
,,,
,,,
,,,
,,,
,,,
,,,
,,,
,,,
,,,
,,,
,,,
,,,
,,,
,,,
,,,
,,,
,,,
,,,
,,,
,,,
,,,
,,,
,,,
,,,
,,,
,,,
,,,
,,,
,,,
,,,
,,,
,,,
,,,
,,,
,,,
,,,
,,,
,,,
,,,
,,,
,,,
,,,
,,,
,,,
,,,
,,,
,,,
,,,
,,,
,,,
,,,
,,,
,,,
,,,
,,,
,,,
,,,
,,,
,,,
,,,
,,,
,,,
,,,
,,,
,,,
,,,
,,,
,,,
,,,
,,,
,,,
,,,
,,,
,,,
,,,
,,,
,,,
,,,
,,,
,,,
,,,
,,,
,,,
,,,
,,,
,,,
,,,
,,,
,,,
,,,
,,,
,,,
,,,
,,,
,,,
,,,
,,,
,,,
,,,
,,,
,,,
,,,
,,,
,,,
,,,
,,,
,,,
,,,
,,,
,,,
,,,
,,,
,,,
,,,
,,,
,,,
,,,
,,,
,,,
,,,
,,,
,,,
,,,
,,,
,,,
,,,
,,,
,,,
,,,
,,,
,,,
,,,
,,,
,,,
,,,
,,,
,,,
,,,
,,,
,,,
,,,
,,,
,,,
,,,
,,,
,,,
,,,
,,,
,,,
,,,
,,,
,,,
,,,
,,,
,,,
,,,
,,,
,,,
,,,
,,,
,,,
,,,
,,,
,,,
,,,
,,,
,,,
,,,
,,,
,,,
,,,
,,,
,,,
,,,
,,,
,,,
,,,
,,,
,,,
,,,
,,,
,,,
,,,
,,,
,,,
,,,
,,,
,,,
,,,
,,,
,,,
,,,
,,,
,,,
,,,
,,,
,,,
,,,
,,,
,,,
,,,
,,,
,,,
,,,
,,,
,,,
,,,
,,,
,,,
,,,
,,,
,,,
,,,
,,,
,,,
,,,
,,,
,,,
,,,
,,,
,,,
,,,
,,,
,,,
,,,
,,,
,,,
,,,
,,,
,,,
,,,
,,,
,,,
,,,
,,,
,,,
,,,
,,,
,,,
,,,
,,,
,,,
,,,
,,,
,,,
,,,
,,,
,,,
,,,
,,,
,,,
,,,
,,,
,,,
,,,
,,,
,,,
,,,
,,,
,,,
,,,
,,,
,,,
,,,
,,,
,,,
,,,
,,,
,,,
,,,
,,,
,,,
,,,
,,,
,,,
,,,
,,,
,,,
,,,
,,,
,,,
,,,
,,,
,,,
,,,
,,,
,,,
,,,
,,,
,,,
,,,
,,,
,,,
,,,
,,,
,,,
,,,
,,,
,,,
,,,
,,,
,,,
,,,
,,,
,,,
,,,
,,,
,,,
,,,
,,,
,,,
,,,
,,,
,,,
,,,
,,,
,,,
,,,
,,,
,,,
,,,
,,,
,,,
,,,
,,,
,,,
,,,
,,,
,,,
,,,
,,,
,,,
,,,
,,,
,,,
,,,
,,,
,,,
,,,
,,,
,,,
,,,
,,,
,,,
,,,
,,,
,,,
,,,
,,,
,,,
,,,
,,,
,,,
,,,
,,,
,,,
,,,
,,,
,,,
,,,
,,,
,,,
,,,
,,,
,,,
,,,
,,,
,,,
,,,
,,,
,,,
,,,
,,,
,,,
,,,
,,,
,,,
,,,
,,,
,,,
,,,
,,,
,,,
,,,
,,,
,,,
,,,
,,,
,,,
,,,
,,,
,,,
,,,
,,,
,,,
,,,
,,,
,,,
,,,
,,,
,,,
,,,
,,,
,,,
,,,
,,,
,,,
,,,
,,,
,,,
,,,
,,,
,,,
,,,
,,,
,,,
,,,
,,,
,,,
,,,
,,,
,,,
,,,
,,,
,,,
,,,
,,,
,,,
,,,
,,,
,,,
,,,
,,,
,,,
,,,
,,,
,,,
,,,
,,,
,,,
,,,
,,,
,,,
,,,
,,,
,,,
,,,
,,,
,,,
,,,
,,,
,,,
,,,
,,,
,,,
,,,
,,,
,,,
,,,
,,,
,,,
,,,
,,,
,,,
,,,
,,,
,,,
,,,
,,,
,,,
,,,
,,,
,,,
,,,
,,,
,,,
,,,
,,,
,,,
,,,
,,,
,,,
,,,
,,,
,,,
,,,
,,,
,,,
,,,
,,,
,,,
,,,
,,,
,,,
,,,
,,,
,,,
,,,
,,,
,,,
,,,
,,,
,,,
,,,
,,,
,,,
,,,
,,,
,,,
,,,
,,,
,,,
,,,
,,,
,,,
,,,
,,,
,,,
,,,
,,,
,,,
,,,
,,,
,,,
,,,
,,,
,,,
,,,
,,,
,,,
,,,
,,,
,,,
,,,
,,,
,,,
,,,
,,,
,,,
,,,
,,,
,,,
,,,
,,,
,,,
,,,
,,,
,,,
,,,
,,,
,,,
,,,
,,,
,,,
,,,
,,,
,,,
,,,
,,,
,,,
,,,
,,,
,,,
,,,
,,,
,,,
,,,
,,,
,,,
,,,
,,,
,,,
,,,
,,,
,,,
,,,
,,,
,,,
,,,
,,,
,,,
,,,
,,,
,,,
,,,
,,,
,,,
,,,
,,,
,,,
,,,
,,,
,,,
,,,
,,,
,,,
,,,
,,,
,,,
,,,
,,,
,,,
,,,
,,,
,,,
,,,
,,,
,,,
,,,
,,,
,,,
,,,
,,,
,,,
,,,
,,,
,,,
,,,
,,,
,,,
,,,
,,,
,,,
,,,
,,,
,,,
,,,
,,,
,,,
,,,
,,,
,,,
,,,
,,,
,,,
,,,
,,,
,,,
,,,
,,,
,,,
,,,
,,,
,,,
,,,
,,,
,,,
,,,
,,,
,,,
,,,
,,,
,,,
,,,
,,,
,,,
,,,
,,,
,,,
,,,
,,,
,,,
,,,
,,,
,,,
,,,
,,,
,,,
,,,
,,,
,,,
,,,
,,,
,,,
,,,
,,,
,,,
,,,
,,,
,,,
,,,
,,,
,,,
,,,
,,,
,,,
,,,
,,,
,,,
,,,
,,,
,,,
,,,
,,,
,,,
,,,
,,,
,,,
,,,
,,,
,,,
,,,
,,,
,,,
,,,
,,,
,,,
,,,
,,,
,,,
,,,
,,,
,,,
,,,
,,,
,,,
,,,
,,,
,,,
,,,
,,,
,,,
,,,
,,,
,,,
,,,
,,,
,,,
,,,
,,,
,,,
,,,
,,,
,,,
,,,
,,,
,,,
,,,
,,,
,,,
,,,
,,,
,,,
,,,
,,,
,,,
,,,
,,,
,,,
,,,
,,,
,,,
,,,
,,,
,,,
,,,
,,,
,,,
,,,
,,,
,,,
,,,
,,,
,,,
,,,
,,,
,,,
,,,
,,,
,,,
,,,
,,,
,,,
,,,
,,,
,,,
,,,
,,,
,,,
,,,
,,,
,,,
,,,
,,,
,,,
,,,
,,,
,,,
,,,
,,,
,,,
,,,
,,,
,,,
,,,
,,,
,,,
,,,
,,,
,,,
,,,
,,,
,,,
,,,
,,,
,,,
,,,
,,,
,,,
,,,
,,,
,,,
,,,
,,,
,,,
,,,
,,,
,,,
,,,
,,,
,,,
,,,
,,,
,,,
,,,
,,,
,,,
,,,
,,,
,,,
,,,
,,,
,,,
,,,
,,,
,,,
,,,
,,,
,,,
,,,
,,,
,,,
,,,
,,,
,,,
,,,
,,,
,,,
,,,
,,,
,,,
,,,
,,,
,,,
,,,
,,,
,,,
,,,
,,,
,,,
,,,
,,,
,,,
,,,
,,,
,,,
,,,
,,,
,,,
,,,
,,,
,,,
,,,
,,,
,,,
,,,
,,,
,,,
,,,
,,,
,,,
,,,
,,,
,,,
,,,
,,,
,,,
,,,
,,,
,,,
,,,
,,,
,,,
,,,
,,,
,,,
,,,
,,,
,,,
,,,
,,,
,,,
,,,
,,,
,,,
,,,
,,,
,,,
,,,
,,,
,,,
,,,
,,,
,,,
,,,
,,,
,,,
,,,
,,,
,,,
,,,
,,,
,,,
,,,
,,,
,,,
,,,
,,,
,,,
,,,
,,,
,,,
,,,
,,,
,,,
,,,
,,,
,,,
,,,
,,,
,,,
,,,
,,,
,,,
,,,
,,,
,,,
,,,
,,,
,,,
,,,
,,,
,,,
,,,
,,,
,,,
,,,
,,,
,,,
,,,
,,,
,,,
,,,
,,,
,,,
,,,
,,,
,,,
,,,
,,,
,,,
,,,
,,,
,,,
,,,
,,,
,,,
,,,
,,,
,,,
,,,
,,,
,,,
,,,
,,,
,,,
,,,
,,,
,,,
,,,
,,,
,,,
,,,
,,,
,,,
,,,
,,,
,,,
,,,
,,,
,,,
,,,
,,,
,,,
,,,
,,,
,,,
,,,
,,,
,,,
,,,
,,,
,,,
,,,
,,,
,,,
,,,
,,,
,,,
,,,
,,,
,,,
,,,
,,,
,,,
,,,
,,,
,,,
,,,
,,,
,,,
,,,
,,,
,,,
,,,
,,,
,,,
,,,
,,,
,,,
,,,
,,,
,,,
,,,
,,,
,,,
,,,
,,,
,,,
,,,
,,,
,,,
,,,
,,,
,,,
,,,
,,,
,,,
,,,
,,,
,,,
,,,
,,,
,,,
,,,
,,,
,,,
,,,
,,,
,,,
,,,
,,,
,,,
,,,
,,,
,,,
,,,
,,,
,,,
,,,
,,,
,,,
,,,
,,,
,,,
,,,
,,,
,,,
,,,
,,,
,,,
,,,
,,,
,,,
,,,
,,,
,,,
,,,
,,,
,,,
,,,
,,,
,,,
,,,
,,,
,,,
,,,
,,,
,,,
,,,
,,,
,,,
,,,
,,,
,,,
,,,
,,,
,,,
,,,
,,,
,,,
,,,
,,,
,,,
,,,
,,,
,,,
,,,
,,,
,,,
,,,
,,,
,,,
,,,
,,,
,,,
,,,
,,,
,,,
,,,
,,,
,,,
,,,
,,,
,,,
,,,
,,,
,,,
,,,
,,,
,,,
,,,
,,,
,,,
,,,
,,,
,,,
,,,
,,,
,,,
,,,
,,,
,,,
,,,
,,,
,,,
,,,
,,,
,,,
,,,
,,,
,,,
,,,
,,,
,,,
,,,
,,,
,,,
,,,
,,,
,,,
,,,
,,,
,,,
,,,
,,,
,,,
,,,
,,,
,,,
,,,
,,,
,,,
,,,
,,,
,,,
,,,
,,,
,,,
,,,
,,,
,,,
,,,
,,,
,,,
,,,
,,,
,,,
,,,
,,,
,,,
,,,
,,,
,,,
,,,
,,,
,,,
,,,
,,,
,,,
,,,
,,,
,,,
,,,
,,,
,,,
,,,
,,,
,,,
,,,
,,,
,,,
,,,
,,,
,,,
,,,
,,,
,,,
,,,
,,,
,,,
,,,
,,,
,,,
,,,
,,,
,,,
,,,
,,,
,,,
,,,
,,,
,,,
,,,
,,,
,,,
,,,
,,,
,,,
,,,
,,,
,,,
,,,
,,,
,,,
,,,
,,,
,,,
,,,
,,,
,,,
,,,
,,,
,,,
,,,
,,,
,,,
,,,
,,,
,,,
,,,
,,,
,,,
,,,
,,,
,,,
,,,
,,,
,,,
,,,
,,,
,,,
,,,
,,,
,,,
,,,
,,,
,,,
,,,
,,,
,,,
,,,
,,,
,,,
,,,
,,,
,,,
,,,
,,,
,,,
,,,
,,,
,,,
,,,
,,,
,,,
,,,
,,,
,,,
,,,
,,,
,,,
,,,
,,,
,,,
,,,
,,,
,,,
,,,
,,,
,,,
,,,
,,,
,,,
,,,
,,,
,,,
,,,
,,,
,,,
,,,
,,,
,,,
,,,
,,,
,,,
,,,
,,,
,,,
,,,
,,,
,,,
,,,
,,,
,,,
,,,
,,,
,,,
,,,
,,,
,,,
,,,
,,,
,,,
,,,
,,,
,,,
,,,
,,,
,,,
,,,
,,,
,,,
,,,
,,,
,,,
,,,
,,,
,,,
,,,
,,,
,,,
,,,
,,,
,,,
,,,
,,,
,,,
,,,
,,,
,,,
,,,
,,,
,,,
,,,
,,,
,,,
,,,
,,,
,,,
,,,
,,,
,,,
,,,
,,,
,,,
,,,
,,,
,,,
,,,
,,,
,,,
,,,
,,,
,,,
,,,
,,,
,,,
,,,
,,,
,,,
,,,
,,,
,,,
,,,
,,,
,,,
,,,
,,,
,,,
,,,
,,,
,,,
,,,
,,,
,,,
,,,
,,,
,,,
,,,
,,,
,,,
,,,
,,,
,,,
,,,
,,,
,,,
,,,
,,,
,,,
,,,
,,,
,,,
,,,
,,,
,,,
,,,
,,,
,,,
,,,
,,,
,,,
,,,
,,,
,,,
,,,
,,,
,,,
,,,
,,,
,,,
,,,
,,,
,,,
,,,
,,,
,,,
,,,
,,,
,,,
,,,
,,,
,,,
,,,
,,,
,,,
,,,
,,,
,,,
,,,
,,,
,,,
,,,
,,,
,,,
,,,
,,,
,,,
,,,
,,,
,,,
,,,
,,,
,,,
,,,
,,,
,,,
,,,
,,,
,,,
,,,
,,,
,,,
,,,
,,,
,,,
,,,
,,,
,,,
,,,
,,,
,,,
,,,
,,,
,,,
,,,
,,,
,,,
,,,
,,,
,,,
,,,
,,,
,,,
,,,
,,,
,,,
,,,
,,,
,,,
,,,
,,,
,,,
,,,
,,,
,,,
,,,
,,,
,,,
,,,
,,,
,,,
,,,
,,,
,,,
,,,
,,,
,,,
,,,
,,,
,,,
,,,
,,,
,,,
,,,
,,,
,,,
,,,
,,,
,,,
,,,
,,,
,,,
,,,
,,,
,,,
,,,
,,,
,,,
,,,
,,,
,,,
,,,
,,,
,,,
,,,
,,,
,,,
,,,
,,,
,,,
,,,
,,,
,,,
,,,
,,,
,,,
,,,
,,,
,,,
,,,
,,,
,,,
,,,
,,,
,,,
,,,
,,,
,,,
,,,
,,,
,,,
,,,
,,,
,,,
,,,
,,,
,,,
,,,
,,,
,,,
,,,
,,,
,,,
,,,
,,,
,,,
,,,
,,,
,,,
,,,
,,,
,,,
,,,
,,,
,,,
,,,
,,,
,,,
,,,
,,,
,,,
,,,
,,,
,,,
,,,
,,,
,,,
,,,
,,,
,,,
,,,
,,,
,,,
,,,
,,,
,,,
,,,
,,,
,,,
,,,
,,,
,,,
,,,
,,,
,,,
,,,
,,,
,,,
,,,
,,,
,,,
,,,
,,,
,,,
,,,
,,,
,,,
,,,
,,,
,,,
,,,
,,,
,,,
,,,
,,,
,,,
,,,
,,,
,,,
,,,
,,,
,,,
,,,
,,,
,,,
,,,
,,,
,,,
,,,
,,,
,,,
,,,
,,,
,,,
,,,
,,,
,,,
,,,
,,,
,,,
,,,
,,,
,,,
,,,
,,,
,,,
,,,
,,,
,,,
,,,
,,,
,,,
,,,
,,,
,,,
,,,
,,,
,,,
,,,
,,,
,,,
,,,
,,,
,,,
,,,
,,,
,,,
,,,
,,,
,,,
,,,
,,,
,,,
,,,
,,,
,,,
,,,
,,,
,,,
,,,
,,,
,,,
,,,
,,,
,,,
,,,
,,,
,,,
,,,
,,,
,,,
,,,
,,,
,,,
,,,
,,,
,,,
,,,
,,,
,,,
,,,
,,,
,,,
,,,
,,,
,,,
,,,
,,,
,,,
,,,
,,,
,,,
,,,
,,,
,,,
,,,
,,,
,,,
,,,
,,,
,,,
,,,
,,,
,,,
,,,
,,,
,,,
,,,
,,,
,,,
,,,
,,,
,,,
,,,
,,,
,,,
,,,
,,,
,,,
,,,
,,,
,,,
,,,
,,,
,,,
,,,
,,,
,,,
,,,
,,,
,,,
,,,
,,,
,,,
,,,
,,,
,,,
,,,
,,,
,,,
,,,
,,,
,,,
,,,
,,,
,,,
,,,
,,,
,,,
,,,
,,,
,,,
,,,
,,,
,,,
,,,
,,,
,,,
,,,
,,,
,,,
,,,
,,,
,,,
,,,
,,,
,,,
,,,
,,,
,,,
,,,
,,,
,,,
,,,
,,,
,,,
,,,
,,,
,,,
,,,
,,,
,,,
,,,
,,,
,,,
,,,
,,,
,,,
,,,
,,,
,,,
,,,
,,,
,,,
,,,
,,,
,,,
,,,
,,,
,,,
,,,
,,,
,,,
,,,
,,,
,,,
,,,
,,,
,,,
,,,
,,,
,,,
,,,
,,,
,,,
,,,
,,,
,,,
,,,
,,,
,,,
,,,
,,,
,,,
,,,
,,,
,,,
,,,
,,,
,,,
,,,
,,,
,,,
,,,
,,,
,,,
,,,
,,,
,,,
,,,
,,,
,,,
,,,
,,,
,,,
,,,
,,,
,,,
,,,
,,,
,,,
,,,
,,,
,,,
,,,
,,,
,,,
,,,
,,,
,,,
,,,
,,,
,,,
,,,
,,,
,,,
,,,
,,,
,,,
,,,
,,,
,,,
,,,
,,,
,,,
,,,
,,,
,,,
,,,
,,,
,,,
,,,
,,,
,,,
,,,
,,,
,,,
,,,
,,,
,,,
,,,
,,,
,,,
,,,
,,,
,,,
,,,
,,,
,,,
,,,
,,,
,,,
,,,
,,,
,,,
,,,
,,,
,,,
,,,
,,,
,,,
,,,
,,,
,,,
,,,
,,,
,,,
,,,
,,,
,,,
,,,
,,,
,,,
,,,
,,,
,,,
,,,
,,,
,,,
,,,
,,,
,,,
,,,
,,,
,,,
,,,
,,,
,,,
,,,
,,,
,,,
,,,
,,,
,,,
,,,
,,,
,,,
,,,
,,,
,,,
,,,
,,,
,,,
,,,
,,,
,,,
,,,
,,,
,,,
,,,
,,,
,,,
,,,
,,,
,,,
,,,
,,,
,,,
,,,
,,,
,,,
,,,
,,,
,,,
,,,
,,,
,,,
,,,
,,,
,,,
,,,
,,,
,,,
,,,
,,,
,,,
,,,
,,,
,,,
,,,
,,,
,,,
,,,
,,,
,,,
,,,
,,,
,,,
,,,
,,,
,,,
,,,
,,,
,,,
,,,
,,,
,,,
,,,
,,,
,,,
,,,
,,,
,,,
,,,
,,,
,,,
,,,
,,,
,,,
,,,
,,,
,,,
,,,
,,,
,,,
,,,
,,,
,,,
,,,
,,,
,,,
,,,
,,,
,,,
,,,
,,,
,,,
,,,
,,,
,,,
,,,
,,,
,,,
,,,
,,,
,,,
,,,
,,,
,,,
,,,
,,,
,,,
,,,
,,,
,,,
,,,
,,,
,,,
,,,
,,,
,,,
,,,
,,,
,,,
,,,
,,,
,,,
,,,
,,,
,,,
,,,
,,,
,,,
,,,
,,,
,,,
,,,
,,,
,,,
,,,
,,,
,,,
,,,
,,,
,,,
,,,
,,,
,,,
,,,
,,,
,,,
,,,
,,,
,,,
,,,
,,,
,,,
,,,
,,,
,,,
,,,
,,,
,,,
,,,
,,,
,,,
,,,
,,,
,,,
,,,
,,,
,,,
,,,
,,,
,,,
,,,
,,,
,,,
,,,
,,,
,,,
,,,
,,,
,,,
,,,
,,,
,,,
,,,
,,,
,,,
,,,
,,,
,,,
,,,
,,,
,,,
,,,
,,,
,,,
,,,
,,,
,,,
,,,
,,,
,,,
,,,
,,,
,,,
,,,
,,,
,,,
,,,
,,,
,,,
,,,
,,,
,,,
,,,
,,,
,,,
,,,
,,,
,,,
,,,
,,,
,,,
,,,
,,,
,,,
,,,
,,,
,,,
,,,
,,,
,,,
,,,
,,,
,,,
,,,
,,,
,,,
,,,
,,,
,,,
,,,
,,,
,,,
,,,
,,,
,,,
,,,
,,,
,,,
,,,
,,,
,,,
,,,
,,,
,,,
,,,
,,,
,,,
,,,
,,,
,,,
,,,
,,,
,,,
,,,
,,,
,,,
,,,
,,,
,,,
,,,
,,,
,,,
,,,
,,,
,,,
,,,
,,,
,,,
,,,
,,,
,,,
,,,
,,,
,,,
,,,
,,,
,,,
,,,
,,,
,,,
,,,
,,,
,,,
,,,
,,,
,,,
,,,
,,,
,,,
,,,
,,,
,,,
,,,
,,,
,,,
,,,
,,,
,,,
,,,
,,,
,,,
,,,
,,,
,,,
,,,
,,,
,,,
,,,
,,,
,,,
,,,
,,,
,,,
,,,
,,,
,,,
,,,
,,,
,,,
,,,
,,,
,,,
,,,
,,,
,,,
,,,
,,,
,,,
,,,
,,,
,,,
,,,
,,,
,,,
,,,
,,,
,,,
,,,
,,,
,,,
,,,
,,,
,,,
,,,
,,,
,,,
,,,
,,,
,,,
,,,
,,,
,,,
,,,
,,,
,,,
,,,
,,,
,,,
,,,
,,,
,,,
,,,
,,,
,,,
,,,
,,,
,,,
,,,
,,,
,,,
,,,
,,,
,,,
,,,
,,,
,,,
,,,
,,,
,,,
,,,
,,,
,,,
,,,
,,,
,,,
,,,
,,,
,,,
,,,
,,,
,,,
,,,
,,,
,,,
,,,
,,,
,,,
,,,
,,,
,,,
,,,
,,,
,,,
,,,
,,,
,,,
,,,
,,,
,,,
,,,
,,,
,,,
,,,
,,,
,,,
,,,
,,,
,,,
,,,
,,,
,,,
,,,
,,,
,,,
,,,
,,,
,,,
,,,
,,,
,,,
,,,
,,,
,,,
,,,
,,,
,,,
,,,
,,,
,,,
,,,
,,,
,,,
,,,
,,,
,,,
,,,
,,,
,,,
,,,
,,,
,,,
,,,
,,,
,,,
,,,
,,,
,,,
,,,
,,,
,,,
,,,
,,,
,,,
,,,
,,,
,,,
,,,
,,,
,,,
,,,
,,,
,,,
,,,
,,,
,,,
,,,
,,,
,,,
,,,
,,,
,,,
,,,
,,,
,,,
,,,
,,,
,,,
,,,
,,,
,,,
,,,
,,,
,,,
,,,
,,,
,,,
,,,
,,,
,,,
,,,
,,,
,,,
,,,
,,,
,,,
,,,
,,,
,,,
,,,
,,,
,,,
,,,
,,,
,,,
,,,
,,,
,,,
,,,
,,,
,,,
,,,
,,,
,,,
,,,
,,,
,,,
,,,
,,,
,,,
,,,
,,,
,,,
,,,
,,,
,,,
,,,
,,,
,,,
,,,
,,,
,,,
,,,
,,,
,,,
,,,
,,,
,,,
,,,
,,,
,,,
,,,
,,,
,,,
,,,
,,,
,,,
,,,
,,,
,,,
,,,
,,,
,,,
,,,
,,,
,,,
,,,
,,,
,,,
,,,
,,,
,,,
,,,
,,,
,,,
,,,
,,,
,,,
,,,
,,,
,,,
,,,
,,,
,,,
,,,
,,,
,,,
,,,
,,,
,,,
,,,
,,,
,,,
,,,
,,,
,,,
,,,
,,,
,,,
,,,
,,,
,,,
,,,
,,,
,,,
,,,
,,,
,,,
,,,
,,,
,,,
,,,
,,,
,,,
,,,
,,,
,,,
,,,
,,,
,,,
,,,
,,,
,,,
,,,
,,,
,,,
,,,
,,,
,,,
,,,
,,,
,,,
,,,
,,,
,,,
,,,
,,,
,,,
,,,
,,,
,,,
,,,
,,,
,,,
,,,
,,,
,,,
,,,
,,,
,,,
,,,
,,,
,,,
,,,
,,,
,,,
,,,
,,,
,,,
,,,
,,,
,,,
,,,
,,,
,,,
,,,
,,,
,,,
,,,
,,,
,,,
,,,
,,,
,,,
,,,
,,,
,,,
,,,
,,,
,,,
,,,
,,,
,,,
,,,
,,,
,,,
,,,
,,,
,,,
,,,
,,,
,,,
,,,
,,,
,,,
,,,
,,,
,,,
,,,
,,,
,,,
,,,
,,,
,,,
,,,
,,,
,,,
,,,
,,,
,,,
,,,
,,,
,,,
,,,
,,,
,,,
,,,
,,,
,,,
,,,
,,,
,,,
,,,
,,,
,,,
,,,
,,,
,,,
,,,
,,,
,,,
,,,
,,,
,,,
,,,
,,,
,,,
,,,
,,,
,,,
,,,
,,,
,,,
,,,
,,,
,,,
,,,
,,,
,,,
,,,
,,,
,,,
,,,
,,,
,,,
,,,
,,,
,,,
,,,
,,,
,,,
,,,
,,,
,,,
,,,
,,,
,,,
,,,
,,,
,,,
,,,
,,,
,,,
,,,
,,,
,,,
,,,
,,,
,,,
,,,
,,,
,,,
,,,
,,,
,,,
,,,
,,,
,,,
,,,
,,,
,,,
,,,
,,,
,,,
,,,
,,,
,,,
,,,
,,,
,,,
,,,
,,,
,,,
,,,
,,,
,,,
,,,
,,,
,,,
,,,
,,,
,,,
,,,
,,,
,,,
,,,
,,,
,,,
,,,
,,,
,,,
,,,
,,,
,,,
,,,
,,,
,,,
,,,
,,,
,,,
,,,
,,,
,,,
,,,
,,,
,,,
,,,
,,,
,,,
,,,
,,,
,,,
,,,
,,,
,,,
,,,
,,,
,,,
,,,
,,,
,,,
,,,
,,,
,,,
,,,
,,,
,,,
,,,
,,,
,,,
,,,
,,,
,,,
,,,
,,,
,,,
,,,
,,,
,,,
,,,
,,,
,,,
,,,
,,,
,,,
,,,
,,,
,,,
,,,
,,,
,,,
,,,
,,,
,,,
,,,
,,,
,,,
,,,
,,,
,,,
,,,
,,,
,,,
,,,
,,,
,,,
,,,
,,,
,,,
,,,
,,,
,,,
,,,
,,,
,,,
,,,
,,,
,,,
,,,
,,,
,,,
,,,
,,,
,,,
,,,
,,,
,,,
,,,
,,,
,,,
,,,
,,,
,,,
,,,
,,,
,,,
,,,
,,,
,,,
,,,
,,,
,,,
,,,
,,,
,,,
,,,
,,,
,,,
,,,
,,,
,,,
,,,
,,,
,,,
,,,
,,,
,,,
,,,
,,,
,,,
,,,
,,,
,,,
,,,
,,,
,,,
,,,
,,,
,,,
,,,
,,,
,,,
,,,
,,,
,,,
,,,
,,,
,,,
,,,
,,,
,,,
,,,
,,,
,,,
,,,
,,,
,,,
,,,
,,,
,,,
,,,
,,,
,,,
,,,
,,,
,,,
,,,
,,,
,,,
,,,
,,,
,,,
,,,
,,,
,,,
,,,
,,,
,,,
,,,
,,,
,,,
,,,
,,,
,,,
,,,
,,,
,,,
,,,
,,,
,,,
,,,
,,,
,,,
,,,
,,,
,,,
,,,
,,,
,,,
,,,
,,,
,,,
,,,
,,,
,,,
,,,
,,,
,,,
,,,
,,,
,,,
,,,
,,,
,,,
,,,
,,,
,,,
,,,
,,,
,,,
,,,
,,,
,,,
,,,
,,,
,,,
,,,
,,,
,,,
,,,
,,,
,,,
,,,
,,,
,,,
,,,
,,,
,,,
,,,
,,,
,,,
,,,
,,,
,,,
,,,
,,,
,,,
,,,
,,,
,,,
,,,
,,,
,,,
,,,
,,,
,,,
,,,
,,,
,,,
,,,
,,,
,,,
,,,
,,,
,,,
,,,
,,,
,,,
,,,
,,,
,,,
,,,
,,,
,,,
,,,
,,,
,,,
,,,
,,,
,,,
,,,
,,,
,,,
,,,
,,,
,,,
,,,
,,,
,,,
,,,
,,,
,,,
,,,
,,,
,,,
,,,
,,,
,,,
,,,
,,,
,,,
,,,
,,,
,,,
,,,
,,,
,,,
,,,
,,,
,,,
,,,
,,,
,,,
,,,
,,,
,,,
,,,
,,,
,,,
,,,
,,,
,,,
,,,
,,,
,,,
,,,
,,,
,,,
,,,
,,,
,,,
,,,
,,,
,,,
,,,
,,,
,,,
,,,
,,,
,,,
,,,
,,,
,,,
,,,
,,,
,,,
,,,
,,,
,,,
,,,
,,,
,,,
,,,
,,,
,,,
,,,
,,,
,,,
,,,
,,,
,,,
,,,
,,,
,,,
,,,
,,,
,,,
,,,
,,,
,,,
,,,
,,,
,,,
,,,
,,,
,,,
,,,
,,,
,,,
,,,
,,,
,,,
,,,
,,,
,,,
,,,
,,,
,,,
,,,
,,,
,,,
,,,
,,,
,,,
,,,
,,,
,,,
,,,
,,,
,,,
,,,
,,,
,,,
,,,
,,,
,,,
,,,
,,,
,,,
,,,
,,,
,,,
,,,
,,,
,,,
,,,
,,,
,,,
,,,
,,,
,,,
,,,
,,,
,,,
,,,
,,,
,,,
,,,
,,,
,,,
,,,
,,,
,,,
,,,
,,,
,,,
,,,
,,,
,,,
,,,
,,,
,,,
,,,
,,,
,,,
,,,
,,,
,,,
,,,
,,,
,,,
,,,
,,,
,,,
,,,
,,,
,,,
,,,
,,,
,,,
,,,
,,,
,,,
,,,
,,,
,,,
,,,
,,,
,,,
,,,
,,,
,,,
,,,
,,,
,,,
,,,
,,,
,,,
,,,
,,,
,,,
,,,
,,,
,,,
,,,
,,,
,,,
,,,
,,,
,,,
,,,
,,,
,,,
,,,
,,,
,,,
,,,
,,,
,,,
,,,
,,,
,,,
,,,
,,,
,,,
,,,
,,,
,,,
,,,
,,,
,,,
,,,
,,,
,,,
,,,
,,,
,,,
,,,
,,,
,,,
,,,
,,,
,,,
,,,
,,,
,,,
,,,
,,,
,,,
,,,
,,,
,,,
,,,
,,,
,,,
,,,
,,,
,,,
,,,
,,,
,,,
,,,
,,,
,,,
,,,
,,,
,,,
,,,
,,,
,,,
,,,
,,,
,,,
,,,
,,,
,,,
,,,
,,,
,,,
,,,
,,,
,,,
,,,
,,,
,,,
,,,
,,,
,,,
,,,
,,,
,,,
,,,
,,,
,,,
,,,
,,,
,,,
,,,
,,,
,,,
,,,
,,,
,,,
,,,
,,,
,,,
,,,
,,,
,,,
,,,
,,,
,,,
,,,
,,,
,,,
,,,
,,,
,,,
,,,
,,,
,,,
,,,
,,,
,,,
,,,
,,,
,,,
,,,
,,,
,,,
,,,
,,,
,,,
,,,
,,,
,,,
,,,
,,,
,,,
,,,
,,,
,,,
,,,
,,,
,,,
,,,
,,,
,,,
,,,
,,,
,,,
,,,
,,,
,,,
,,,
,,,
,,,
,,,
,,,
,,,
,,,
,,,
,,,
,,,
,,,
,,,
,,,
,,,
,,,
,,,
,,,
,,,
,,,
,,,
,,,
,,,
,,,
,,,
,,,
,,,
,,,
,,,
,,,
,,,
,,,
,,,
,,,
,,,
,,,
,,,
,,,
,,,
,,,
,,,
,,,
,,,
,,,
,,,
,,,
,,,
,,,
,,,
,,,
,,,
,,,
,,,
,,,
,,,
,,,
,,,
,,,
,,,
,,,
,,,
,,,
,,,
,,,
,,,
,,,
,,,
,,,
,,,
,,,
,,,
,,,
,,,
,,,
,,,
,,,
,,,
,,,
,,,
,,,
,,,
,,,
,,,
,,,
,,,
,,,
,,,
,,,
,,,
,,,
,,,
,,,
,,,
,,,
,,,
,,,
,,,
,,,
,,,
,,,
,,,
,,,
,,,
,,,
,,,
,,,
,,,
,,,
,,,
,,,
,,,
,,,
,,,
,,,
,,,
,,,
,,,
,,,
,,,
,,,
,,,
,,,
,,,
,,,
,,,
,,,
,,,
,,,
,,,
,,,
,,,
,,,
,,,
,,,
,,,
,,,
,,,
,,,
,,,
,,,
,,,
,,,
,,,
,,,
,,,
,,,
,,,
,,,
,,,
,,,
,,,
,,,
,,,
,,,
,,,
,,,
,,,
,,,
,,,
,,,
,,,
,,,
,,,
,,,
,,,
,,,
,,,
,,,
,,,
,,,
,,,
,,,
,,,
,,,
,,,
,,,
,,,
,,,
,,,
,,,
,,,
,,,
,,,
,,,
,,,
,,,
,,,
,,,
,,,
,,,
,,,
,,,
,,,
,,,
,,,
,,,
,,,
,,,
,,,
,,,
,,,
,,,
,,,
,,,
,,,
,,,
,,,
,,,
,,,
,,,
,,,
,,,
,,,
,,,
,,,
,,,
,,,
,,,
,,,
,,,
,,,
,,,
,,,
,,,
,,,
,,,
,,,
,,,
,,,
,,,
,,,
,,,
,,,
,,,
,,,
,,,
,,,
,,,
,,,
,,,
,,,
,,,
,,,
,,,
,,,
,,,
,,,
,,,
,,,
,,,
,,,
,,,
,,,
,,,
,,,
,,,
,,,
,,,
,,,
,,,
,,,
,,,
,,,
,,,
,,,
,,,
,,,
,,,
,,,
,,,
,,,
,,,
,,,
,,,
,,,
,,,
,,,
,,,
,,,
,,,
,,,
,,,
,,,
,,,
,,,
,,,
,,,
,,,
,,,
,,,
,,,
,,,
,,,
,,,
,,,
,,,
,,,
,,,
,,,
,,,
,,,
,,,
,,,
,,,
,,,
,,,
,,,
,,,
,,,
,,,
,,,
,,,
,,,
,,,
,,,
,,,
,,,
,,,
,,,
,,,
,,,
,,,
,,,
,,,
,,,
,,,
,,,
,,,
,,,
,,,
,,,
,,,
,,,
,,,
,,,
,,,
,,,
,,,
,,,
,,,
,,,
,,,
,,,
,,,
,,,
,,,
,,,
,,,
,,,
,,,
,,,
,,,
,,,
,,,
,,,
,,,
,,,
,,,
,,,
,,,
,,,
,,,
,,,
,,,
,,,
,,,
,,,
,,,
,,,
,,,
,,,
,,,
,,,
,,,
,,,
,,,
,,,
,,,
,,,
,,,
,,,
,,,
,,,
,,,
,,,
,,,
,,,
,,,
,,,
,,,
,,,
,,,
,,,
,,,
,,,
,,,
,,,
,,,
,,,
,,,
,,,
,,,
,,,
,,,
,,,
,,,
,,,
,,,
,,,
,,,
,,,
,,,
,,,
,,,
,,,
,,,
,,,
,,,
,,,
,,,
,,,
,,,
,,,
,,,
,,,
,,,
,,,
,,,
,,,
,,,
,,,
,,,
,,,
,,,
,,,
,,,
,,,
,,,
,,,
,,,
,,,
,,,
,,,
,,,
,,,
,,,
,,,
,,,
,,,
,,,
,,,
,,,
,,,
,,,
,,,
,,,
,,,
,,,
,,,
,,,
,,,
,,,
,,,
,,,
,,,
,,,
,,,
,,,
,,,
,,,
,,,
,,,
,,,
,,,
,,,
,,,
,,,
,,,
,,,
,,,
,,,
,,,
,,,
,,,
,,,
,,,
,,,
,,,
,,,
,,,
,,,
,,,
,,,
,,,
,,,
,,,
,,,
,,,
,,,
,,,
,,,
,,,
,,,
,,,
,,,
,,,
,,,
,,,
,,,
,,,
,,,
,,,
,,,
,,,
,,,
,,,
,,,
,,,
,,,
,,,
,,,
,,,
,,,
,,,
,,,
,,,
,,,
,,,
,,,
,,,
,,,
,,,
,,,
,,,
,,,
,,,
,,,
,,,
,,,
,,,
,,,
,,,
,,,
,,,
,,,
,,,
,,,
,,,
,,,
,,,
,,,
,,,
,,,
,,,
,,,
,,,
,,,
,,,
,,,
,,,
,,,
,,,
,,,
,,,
,,,
,,,
,,,
,,,
,,,
,,,
,,,
,,,
,,,
,,,
,,,
,,,
,,,
,,,
,,,
,,,
,,,
,,,
,,,
,,,
,,,
,,,
,,,
,,,
,,,
,,,
,,,
,,,
,,,
,,,
,,,
,,,
,,,
,,,
,,,
,,,
,,,
,,,
,,,
,,,
,,,
,,,
,,,
,,,
,,,
,,,
,,,
,,,
,,,
,,,
,,,
,,,
,,,
,,,
,,,
,,,
,,,
,,,
,,,
,,,
,,,
,,,
,,,
,,,
,,,
,,,
,,,
,,,
,,,
,,,
,,,
,,,
,,,
,,,
,,,
,,,
,,,
,,,
,,,
,,,
,,,
,,,
,,,
,,,
,,,
,,,
,,,
,,,
,,,
,,,
,,,
,,,
,,,
,,,
,,,
,,,
,,,
,,,
,,,
,,,
,,,
,,,
,,,
,,,
,,,
,,,
,,,
,,,
,,,
,,,
,,,
,,,
,,,
,,,
,,,
,,,
,,,
,,,
,,,
,,,
,,,
,,,
,,,
,,,
,,,
,,,
,,,
,,,
,,,
,,,
,,,
,,,
,,,
,,,
,,,
,,,
,,,
,,,
,,,
,,,
,,,
,,,
,,,
,,,
,,,
,,,
,,,
,,,
,,,
,,,
,,,
,,,
,,,
,,,
,,,
,,,
,,,
,,,
,,,
,,,
,,,
,,,
,,,
,,,
,,,
,,,
,,,
,,,
,,,
,,,
,,,
,,,
,,,
,,,
,,,
,,,
,,,
,,,
,,,
,,,
,,,
,,,
,,,
,,,
,,,
,,,
,,,
,,,
,,,
,,,
,,,
,,,
,,,
,,,
,,,
,,,
,,,
,,,
,,,
,,,
,,,
,,,
,,,
,,,
,,,
,,,
,,,
,,,
,,,
,,,
,,,
,,,
,,,
,,,
,,,
,,,
,,,
,,,
,,,
,,,
,,,
,,,
,,,
,,,
,,,
,,,
,,,
,,,
,,,
,,,
,,,
,,,
,,,
,,,
,,,
,,,
,,,
,,,
,,,
,,,
,,,
,,,
,,,
,,,
,,,
,,,
,,,
,,,
,,,
,,,
,,,
,,,
,,,
,,,
,,,
,,,
,,,
,,,
,,,
,,,
,,,
,,,
,,,
,,,
,,,
,,,
,,,
,,,
,,,
,,,
,,,
,,,
,,,
,,,
,,,
,,,
,,,
,,,
,,,
,,,
,,,
,,,
,,,
,,,
,,,
,,,
